residencia_provincia_nombre,edad.rango,n,max_fecha_diagnostico,max_fecha_inicio_sintomas,count_fecha_diagnostico,confirmados,descartados,sospechosos,fallecidos,tests,sin.clasificar,letalidad.min.porc,letalidad.max.porc,positividad.porc,internados,internados.porc,cuidado.intensivo,cuidado.intensivo.porc,respirador,respirador.porc,dias.diagnostico,dias.apertura,dias.cuidado.intensivo,dias.fallecimiento
Buenos Aires,0,9863,2020-10-23,2020-10-23,209,2056,7003,804,12,8529,0,0.004,0.006,0.241,457,0.222,57,0.028,22,0.011,4.5,3.3,3.9,17.8
Buenos Aires,1-9,56993,2020-10-23,2020-10-23,223,13054,40239,3699,11,48281,1,0.001,0.001,0.27,871,0.067,69,0.005,19,0.001,5,4.1,3.3,24.6
Buenos Aires,10-14,24363,2020-10-23,2020-10-23,220,8754,13961,1648,5,19696,0,0,0.001,0.444,308,0.035,21,0.002,6,0.001,5.1,4.7,6.3,23
Buenos Aires,15-19,47345,2020-10-23,2020-10-23,225,20253,23828,3264,27,39537,0,0.001,0.001,0.512,476,0.024,28,0.001,9,0,5.7,4.7,4.2,19.6
Buenos Aires,20-24,107332,2020-10-23,2020-10-23,230,45724,54368,7239,44,92766,1,0.001,0.001,0.493,1017,0.022,48,0.001,15,0,6,4.3,4.9,18.1
Buenos Aires,25-29,149799,2020-10-23,2020-10-23,229,63694,76139,9961,67,131429,5,0.001,0.001,0.485,1620,0.025,69,0.001,28,0,6.1,4.1,4.3,18.5
Buenos Aires,30-34,153131,2020-10-23,2020-10-23,230,64747,77893,10486,92,134964,5,0.001,0.001,0.48,1965,0.03,98,0.002,34,0.001,6.3,4,7.3,20
Buenos Aires,35-39,139227,2020-10-23,2020-10-23,228,59444,70301,9477,158,123076,5,0.002,0.003,0.483,2014,0.034,143,0.002,56,0.001,6.2,4,6.7,19.4
Buenos Aires,40-44,129658,2020-10-23,2020-10-23,230,55745,65166,8744,279,114802,3,0.004,0.005,0.486,2239,0.04,221,0.004,89,0.002,6.2,4,6.8,17.6
Buenos Aires,45-49,105015,2020-10-23,2020-10-23,225,46629,51493,6890,461,93194,3,0.009,0.01,0.5,2420,0.052,301,0.006,155,0.003,6.2,4.1,6.7,18.6
Buenos Aires,50-54,83651,2020-10-23,2020-10-23,231,38478,39830,5341,663,74530,2,0.015,0.017,0.516,2466,0.064,377,0.01,188,0.005,6.3,4.3,7.6,19.9
Buenos Aires,55-59,66377,2020-10-23,2020-10-23,223,30790,31373,4213,974,59256,1,0.028,0.032,0.52,2710,0.088,489,0.016,262,0.009,6.4,4.4,7.3,18.6
Buenos Aires,60-64,46648,2020-10-23,2020-10-23,225,21596,22230,2820,1536,42105,2,0.063,0.071,0.513,2847,0.132,631,0.029,352,0.016,6.4,4.5,7.1,18.6
Buenos Aires,65-69,33282,2020-10-23,2020-10-23,226,15051,16069,2162,2050,30086,0,0.119,0.136,0.5,2744,0.182,667,0.044,350,0.023,6.7,4.6,6.5,18.5
Buenos Aires,70-74,25559,2020-10-23,2020-10-23,222,11037,12784,1738,2203,23189,0,0.172,0.2,0.476,2860,0.259,656,0.059,320,0.029,6.8,4.6,6.2,16.9
Buenos Aires,75-79,19997,2020-10-23,2020-10-23,218,8106,10509,1381,2326,18185,1,0.245,0.287,0.446,2544,0.314,553,0.068,233,0.029,6.7,4.2,5.7,15.6
Buenos Aires,80+,38914,2020-10-23,2020-10-23,218,15198,21110,2605,5582,35640,1,0.314,0.367,0.426,5109,0.336,906,0.06,321,0.021,6.4,3.5,4.1,14.2
Buenos Aires,NA,1137,2020-10-23,2020-10-23,178,331,584,222,7,864,0,0.013,0.021,0.383,19,0.057,5,0.015,2,0.006,6.4,4.8,12.8,21.2
CABA,0,2821,2020-10-23,2020-10-21,192,672,2024,125,1,2283,0,0.001,0.001,0.294,330,0.491,5,0.007,0,0,2.6,2.2,1.5,NA
CABA,1-9,24315,2020-10-23,2020-10-23,228,6482,17163,670,2,21011,0,0,0,0.309,785,0.121,15,0.002,9,0.001,3.4,2.4,1.3,8.5
CABA,10-14,12178,2020-10-23,2020-10-22,220,3978,7929,271,0,10335,0,0,0,0.385,315,0.079,4,0.001,2,0.001,3.7,3,2.7,NA
CABA,15-19,17716,2020-10-23,2020-10-22,221,6102,11129,485,1,14850,0,0,0,0.411,451,0.074,11,0.002,4,0.001,4.2,3.5,1.9,NA
CABA,20-24,32544,2020-10-23,2020-10-22,229,10971,20627,945,7,27591,1,0.001,0.001,0.398,733,0.067,17,0.002,5,0,4.5,3.6,4.4,36.3
CABA,25-29,46137,2020-10-23,2020-10-23,229,15120,29484,1533,18,39340,0,0.001,0.001,0.384,1216,0.08,36,0.002,13,0.001,4.5,3.3,4.9,21.4
CABA,30-34,49532,2020-10-23,2020-10-22,228,16194,31603,1733,25,42624,2,0.001,0.002,0.38,1526,0.094,52,0.003,22,0.001,4.8,3.3,6.6,23.1
CABA,35-39,42910,2020-10-23,2020-10-23,230,14053,27347,1510,37,36832,0,0.002,0.003,0.382,1356,0.096,77,0.005,27,0.002,4.8,3.4,6,15.6
CABA,40-44,38545,2020-10-23,2020-10-23,231,12548,24660,1337,54,33028,0,0.004,0.004,0.38,1362,0.109,81,0.006,30,0.002,4.7,3.4,7.7,18.9
CABA,45-49,33470,2020-10-23,2020-10-23,230,11441,20897,1132,108,28695,0,0.009,0.009,0.399,1421,0.124,140,0.012,80,0.007,4.6,3.7,7.8,21.8
CABA,50-54,28205,2020-10-23,2020-10-23,229,9796,17481,928,143,24107,0,0.013,0.015,0.406,1406,0.144,167,0.017,95,0.01,4.8,3.7,7.6,21.2
CABA,55-59,23694,2020-10-23,2020-10-22,226,8105,14826,763,190,20306,0,0.021,0.023,0.399,1381,0.17,199,0.025,110,0.014,5.1,3.8,6.8,23.2
CABA,60-64,18474,2020-10-23,2020-10-22,226,6303,11568,603,290,15677,0,0.042,0.046,0.402,1351,0.214,251,0.04,142,0.023,5.1,4.1,6.8,21
CABA,65-69,14083,2020-10-23,2020-10-23,228,4614,8954,515,372,11934,0,0.073,0.081,0.387,1277,0.277,309,0.067,189,0.041,5.5,4,7.5,21
CABA,70-74,11373,2020-10-23,2020-10-23,226,3630,7347,396,475,9783,0,0.118,0.131,0.371,1189,0.328,253,0.07,143,0.039,5.5,3.8,6.3,19.5
CABA,75-79,10294,2020-10-23,2020-10-23,222,3196,6717,381,585,8953,0,0.164,0.183,0.357,1187,0.371,266,0.083,156,0.049,5.7,3.8,5.4,16.6
CABA,80+,28780,2020-10-23,2020-10-23,223,8786,18967,1027,2288,25386,0,0.233,0.26,0.346,3446,0.392,565,0.064,238,0.027,5.2,2.7,3.8,14.1
CABA,NA,311,2020-10-20,2020-09-15,116,45,249,17,6,185,0,0.097,0.133,0.243,8,0.178,1,0.022,1,0.022,4.4,3.7,9,73
Catamarca,0,90,2020-10-23,2020-10-06,57,1,89,0,0,90,0,0,0,0.011,1,1,0,0,0,0,5,-1,NA,NA
Catamarca,1-9,487,2020-10-23,2020-10-13,112,27,454,6,0,474,0,0,0,0.057,0,0,0,0,0,0,0.5,0.5,NA,NA
Catamarca,10-14,187,2020-10-22,2020-09-15,76,13,174,0,0,182,0,0,0,0.071,0,0,0,0,0,0,1,2,NA,NA
Catamarca,15-19,312,2020-10-22,2020-10-10,105,21,290,1,0,309,0,0,0,0.068,0,0,0,0,0,0,1.5,3,NA,NA
Catamarca,20-24,765,2020-10-23,2020-10-12,140,48,705,11,0,748,1,0,0,0.064,1,0.021,0,0,0,0,2.4,0.6,NA,NA
Catamarca,25-29,1064,2020-10-22,2020-10-12,154,75,973,16,0,1034,0,0,0,0.073,1,0.013,0,0,0,0,1.6,-1.8,NA,NA
Catamarca,30-34,1137,2020-10-23,2020-10-08,150,82,1048,7,0,1122,0,0,0,0.073,1,0.012,0,0,0,0,20.6,3.1,NA,NA
Catamarca,35-39,975,2020-10-22,2020-10-17,143,65,904,6,0,960,0,0,0,0.068,1,0.015,0,0,0,0,2,-3.7,NA,NA
Catamarca,40-44,914,2020-10-22,2020-10-10,136,80,827,7,0,900,0,0,0,0.089,0,0,0,0,0,0,1.9,-2.6,NA,NA
Catamarca,45-49,675,2020-10-23,2020-10-19,134,47,622,6,0,664,0,0,0,0.071,0,0,0,0,0,0,5,1.9,NA,NA
Catamarca,50-54,452,2020-10-22,2020-10-08,131,30,418,4,0,442,0,0,0,0.068,1,0.033,0,0,0,0,4.7,4.7,NA,NA
Catamarca,55-59,346,2020-10-22,2020-10-08,117,17,328,1,0,344,0,0,0,0.049,1,0.059,0,0,0,0,9.5,3,NA,NA
Catamarca,60-64,276,2020-10-22,2020-10-15,114,20,254,2,0,271,0,0,0,0.074,1,0.05,0,0,0,0,8,8,NA,NA
Catamarca,65-69,175,2020-10-22,2020-10-02,97,13,160,2,0,172,0,0,0,0.076,0,0,0,0,0,0,5,6,NA,NA
Catamarca,70-74,157,2020-10-22,2020-10-05,92,8,149,0,0,157,0,0,0,0.051,1,0.125,0,0,0,0,4.5,5,NA,NA
Catamarca,75-79,116,2020-10-22,2020-09-26,77,9,107,0,0,116,0,0,0,0.078,0,0,0,0,0,0,3.5,4.5,NA,NA
Catamarca,80+,155,2020-10-22,2020-09-26,91,6,147,2,0,150,0,0,0,0.04,0,0,0,0,0,0,NA,NA,NA,NA
Chaco,0,651,2020-10-22,2020-10-22,177,35,567,49,0,591,0,0,0,0.059,8,0.229,3,0.086,0,0,3.4,2.9,NA,NA
Chaco,1-9,3449,2020-10-23,2020-10-22,213,232,3048,169,0,3229,0,0,0,0.072,7,0.03,1,0.004,0,0,4.2,3.6,6,NA
Chaco,10-14,1471,2020-10-22,2020-10-21,198,258,1114,99,1,1355,0,0.003,0.004,0.19,4,0.016,0,0,0,0,4.4,3.6,NA,24
Chaco,15-19,3052,2020-10-23,2020-10-21,198,635,2188,229,0,2792,0,0,0,0.227,17,0.027,7,0.011,1,0.002,5.2,4.6,3.7,NA
Chaco,20-24,6163,2020-10-23,2020-10-22,212,1255,4484,424,0,5661,0,0,0,0.222,28,0.022,7,0.006,1,0.001,5,4.4,8.6,NA
Chaco,25-29,8487,2020-10-23,2020-10-21,220,1727,6155,604,1,7767,1,0,0.001,0.222,29,0.017,11,0.006,3,0.002,4.8,4.3,6.6,26
Chaco,30-34,7974,2020-10-23,2020-10-21,223,1598,5864,512,4,7374,0,0.002,0.003,0.217,36,0.023,12,0.008,5,0.003,5.2,4.2,8.9,17
Chaco,35-39,7143,2020-10-23,2020-10-22,221,1418,5254,471,9,6595,0,0.005,0.006,0.215,52,0.037,26,0.018,7,0.005,4.6,3.9,6.5,16.7
Chaco,40-44,6187,2020-10-23,2020-10-21,219,1265,4502,420,8,5699,0,0.005,0.006,0.222,61,0.048,29,0.023,7,0.006,5.1,3.8,6.6,12.1
Chaco,45-49,4564,2020-10-23,2020-10-21,218,1035,3221,307,14,4192,1,0.01,0.014,0.247,75,0.072,31,0.03,15,0.014,5.3,4.3,5.5,14.8
Chaco,50-54,3897,2020-10-23,2020-10-21,218,863,2739,295,24,3563,0,0.021,0.028,0.242,101,0.117,54,0.063,26,0.03,5.8,4.8,6.7,17.8
Chaco,55-59,3248,2020-10-23,2020-10-22,214,792,2195,260,32,2948,1,0.03,0.04,0.269,113,0.143,79,0.1,43,0.054,5.6,4.6,6.7,17.6
Chaco,60-64,2383,2020-10-23,2020-10-22,215,593,1594,196,55,2139,0,0.07,0.093,0.277,118,0.199,75,0.126,44,0.074,5.3,4.8,6.7,17.8
Chaco,65-69,1821,2020-10-23,2020-10-20,203,419,1267,135,67,1658,0,0.121,0.16,0.253,123,0.294,80,0.191,44,0.105,5.5,4.5,7.2,14.4
Chaco,70-74,1209,2020-10-23,2020-10-21,201,245,870,94,45,1101,0,0.133,0.184,0.223,81,0.331,41,0.167,22,0.09,7.1,6.4,5.5,11.4
Chaco,75-79,833,2020-10-23,2020-10-18,189,183,588,62,51,760,0,0.208,0.279,0.241,85,0.464,40,0.219,19,0.104,6.1,5.1,4.9,13.6
Chaco,80+,1174,2020-10-22,2020-10-20,191,225,875,74,78,1081,0,0.261,0.347,0.208,114,0.507,57,0.253,27,0.12,5.9,4.4,6,12.2
Chaco,NA,52,2020-10-19,2020-10-08,28,2,41,9,0,42,0,0,0,0.048,0,0,0,0,0,0,NA,NA,NA,NA
Chubut,0,124,2020-10-19,2020-10-21,69,21,80,23,0,91,0,0,0,0.231,1,0.048,0,0,0,0,7.5,6,NA,NA
Chubut,1-9,839,2020-10-23,2020-10-22,146,217,533,89,0,583,0,0,0,0.372,0,0,0,0,0,0,6.2,7.1,NA,NA
Chubut,10-14,427,2020-10-23,2020-10-22,109,184,205,38,0,269,0,0,0,0.684,0,0,0,0,0,0,8,7,NA,NA
Chubut,15-19,751,2020-10-23,2020-10-20,136,338,314,99,1,407,0,0.002,0.003,0.83,1,0.003,0,0,0,0,5.5,7.5,NA,2
Chubut,20-24,1981,2020-10-23,2020-10-22,165,960,778,243,0,1179,0,0,0,0.814,0,0,0,0,0,0,7.6,6.8,NA,NA
Chubut,25-29,3082,2020-10-23,2020-10-22,160,1454,1206,422,0,1872,0,0,0,0.777,2,0.001,0,0,0,0,7.4,6.2,NA,NA
Chubut,30-34,3526,2020-10-23,2020-10-23,158,1751,1253,521,2,2177,1,0.001,0.001,0.804,3,0.002,1,0.001,1,0.001,7.2,6.1,0,17
Chubut,35-39,3255,2020-10-23,2020-10-22,160,1685,1115,455,2,2028,0,0.001,0.001,0.831,4,0.002,2,0.001,2,0.001,6.2,6.3,3,9
Chubut,40-44,2996,2020-10-23,2020-10-22,165,1538,1020,437,5,1856,1,0.003,0.003,0.829,1,0.001,1,0.001,0,0,6.8,6.4,3,8.2
Chubut,45-49,2199,2020-10-23,2020-10-22,150,1120,799,280,3,1439,0,0.002,0.003,0.778,3,0.003,2,0.002,2,0.002,7.9,6.6,4.5,10.3
Chubut,50-54,1553,2020-10-23,2020-10-22,158,744,599,210,5,985,0,0.005,0.007,0.755,4,0.005,2,0.003,2,0.003,6.7,6.5,3.5,11.6
Chubut,55-59,1180,2020-10-23,2020-10-22,147,559,452,169,13,776,0,0.018,0.023,0.72,7,0.013,3,0.005,3,0.005,7.9,7,12.3,12
Chubut,60-64,724,2020-10-23,2020-10-21,129,350,276,98,19,486,0,0.042,0.054,0.72,11,0.031,5,0.014,4,0.011,7.1,6.3,2.8,10.9
Chubut,65-69,587,2020-10-23,2020-10-22,131,261,253,73,16,423,0,0.048,0.061,0.617,20,0.077,6,0.023,4,0.015,7.5,8,8.7,12.7
Chubut,70-74,381,2020-10-23,2020-10-20,120,147,182,52,17,275,0,0.085,0.116,0.535,7,0.048,3,0.02,3,0.02,6.1,6.5,2,10.1
Chubut,75-79,290,2020-10-23,2020-10-22,106,112,141,37,22,226,0,0.148,0.196,0.496,14,0.125,4,0.036,3,0.027,7,6.9,7.8,10.8
Chubut,80+,442,2020-10-23,2020-10-23,130,142,245,55,40,350,0,0.203,0.282,0.406,32,0.225,7,0.049,4,0.028,5.7,4.1,4,8.7
Chubut,NA,62,2020-09-26,2020-10-02,29,16,40,6,0,48,0,0,0,0.333,1,0.062,0,0,0,0,2.5,4.8,NA,NA
Corrientes,1-9,329,2020-10-22,2020-09-25,125,36,260,33,0,289,0,0,0,0.125,0,0,0,0,0,0,8.5,8.8,NA,NA
Corrientes,10-14,336,2020-10-23,2020-10-15,108,69,247,20,0,314,0,0,0,0.22,0,0,0,0,0,0,4.2,9,NA,NA
Corrientes,15-19,441,2020-10-23,2020-10-14,123,109,316,16,0,417,0,0,0,0.261,0,0,0,0,0,0,1.5,8.8,NA,NA
Corrientes,20-24,1083,2020-10-23,2020-10-20,172,195,838,50,0,972,0,0,0,0.201,0,0,0,0,0,0,10,8.7,NA,NA
Corrientes,25-29,1876,2020-10-23,2020-10-20,193,238,1482,156,0,1640,0,0,0,0.145,0,0,0,0,0,0,3.4,0.9,NA,NA
Corrientes,30-34,2045,2020-10-23,2020-10-15,195,250,1615,180,1,1826,0,0.002,0.004,0.137,1,0.004,1,0.004,1,0.004,6.2,6.3,5,6
Corrientes,35-39,1987,2020-10-23,2020-10-20,199,197,1589,201,0,1754,0,0,0,0.112,0,0,0,0,0,0,4.2,4.2,NA,NA
Corrientes,40-44,1764,2020-10-23,2020-10-17,187,243,1379,142,0,1601,0,0,0,0.152,1,0.004,1,0.004,0,0,2.2,1.6,NA,NA
Corrientes,45-49,1526,2020-10-23,2020-10-18,190,237,1154,135,1,1371,0,0.003,0.004,0.173,3,0.013,1,0.004,1,0.004,6.5,-2.8,7,20
Corrientes,50-54,1237,2020-10-23,2020-10-19,180,163,956,118,2,1104,0,0.007,0.012,0.148,2,0.012,1,0.006,1,0.006,2.7,-0.2,13,16
Corrientes,55-59,951,2020-10-23,2020-10-20,171,155,679,117,2,822,0,0.007,0.013,0.189,6,0.039,4,0.026,3,0.019,1,3.4,5.5,7
Corrientes,60-64,587,2020-10-23,2020-10-20,144,105,424,58,3,525,0,0.018,0.029,0.2,3,0.029,1,0.01,1,0.01,9.7,4.5,3,16
Corrientes,65-69,393,2020-10-22,2020-10-17,139,83,283,27,7,357,0,0.064,0.084,0.232,6,0.072,6,0.072,3,0.036,4.4,9.4,4,8
Corrientes,70-74,198,2020-10-18,2020-10-08,88,48,137,13,5,185,0,0.082,0.104,0.259,4,0.083,2,0.042,2,0.042,1.4,2.2,7,10.8
Corrientes,75-79,165,2020-10-20,2020-10-21,78,39,116,10,6,149,0,0.122,0.154,0.262,6,0.154,6,0.154,2,0.051,-0.7,9.8,6.2,7.3
Corrientes,80+,238,2020-10-23,2020-10-14,101,33,197,8,8,226,0,0.195,0.242,0.146,9,0.273,8,0.242,4,0.121,2.4,3.9,1.6,5.9
Córdoba,0,768,2020-10-22,2020-10-22,174,161,472,135,0,606,0,0,0,0.266,2,0.012,1,0.006,1,0.006,3.5,3.9,2,NA
Córdoba,1-9,6615,2020-10-23,2020-10-22,220,1725,4165,724,2,5518,1,0.001,0.001,0.313,8,0.005,4,0.002,1,0.001,3.2,4,2,6.5
Córdoba,10-14,3048,2020-10-22,2020-10-22,212,1574,1136,338,0,2464,0,0,0,0.639,2,0.001,0,0,0,0,4.2,4.6,NA,NA
Córdoba,15-19,6221,2020-10-23,2020-10-22,213,3404,2093,723,1,4516,1,0,0,0.754,10,0.003,0,0,0,0,4.6,4.8,NA,19
Córdoba,20-24,12821,2020-10-23,2020-10-22,220,6534,4816,1466,1,9346,5,0,0,0.699,12,0.002,0,0,0,0,5.8,5.5,NA,15
Córdoba,25-29,17283,2020-10-23,2020-10-22,224,8462,6944,1877,7,12644,0,0.001,0.001,0.669,16,0.002,6,0.001,2,0,5.1,4.7,3.5,7.5
Córdoba,30-34,16767,2020-10-23,2020-10-22,222,8094,6784,1887,5,12229,2,0.001,0.001,0.662,26,0.003,8,0.001,2,0,5.2,4.6,2.8,15.4
Córdoba,35-39,15814,2020-10-23,2020-10-23,223,7515,6488,1811,6,11658,0,0.001,0.001,0.645,26,0.003,8,0.001,4,0.001,4.9,4.6,4.6,14.8
Córdoba,40-44,15199,2020-10-23,2020-10-22,221,7451,6106,1641,8,11315,1,0.001,0.001,0.659,42,0.006,8,0.001,3,0,5.5,4.7,7,12.9
Córdoba,45-49,12263,2020-10-23,2020-10-22,222,6203,4752,1307,18,9195,1,0.002,0.003,0.675,42,0.007,9,0.001,5,0.001,4.8,4.7,5.8,14.8
Córdoba,50-54,10194,2020-10-23,2020-10-23,217,5308,3870,1016,32,7704,0,0.005,0.006,0.689,69,0.013,24,0.005,3,0.001,5.2,4.9,5.6,15.4
Córdoba,55-59,8510,2020-10-23,2020-10-22,222,4300,3269,941,55,6430,0,0.01,0.013,0.669,83,0.019,41,0.01,7,0.002,5.1,5,5.5,11.9
Córdoba,60-64,6616,2020-10-23,2020-10-22,217,3426,2511,679,95,5103,0,0.023,0.028,0.671,98,0.029,55,0.016,15,0.004,5,5.1,7,14.4
Córdoba,65-69,5235,2020-10-23,2020-10-22,218,2720,1954,561,139,4156,0,0.042,0.051,0.654,169,0.062,88,0.032,26,0.01,5.1,5.3,6.9,14.2
Córdoba,70-74,4114,2020-10-23,2020-10-22,217,2031,1640,443,145,3325,0,0.059,0.071,0.611,178,0.088,97,0.048,30,0.015,4.9,5.2,7.4,14.2
Córdoba,75-79,3166,2020-10-23,2020-10-22,212,1479,1353,333,178,2601,1,0.098,0.12,0.569,143,0.097,73,0.049,17,0.011,5,5.4,5.4,10.9
Córdoba,80+,5317,2020-10-23,2020-10-22,215,2324,2487,505,372,4542,1,0.131,0.16,0.512,308,0.133,148,0.064,27,0.012,5.6,5.3,8.4,12.5
Córdoba,NA,60,2020-10-06,2020-09-28,42,34,16,10,6,50,0,0.136,0.176,0.68,1,0.029,1,0.029,1,0.029,2.8,4.9,0,3
Entre Ríos,0,310,2020-10-23,2020-10-21,120,63,227,20,0,272,0,0,0,0.232,19,0.302,3,0.048,1,0.016,6.3,4.8,1.7,NA
Entre Ríos,1-9,1424,2020-10-23,2020-10-21,170,337,943,144,0,1127,0,0,0,0.299,37,0.11,1,0.003,0,0,5.4,4.3,12,NA
Entre Ríos,10-14,579,2020-10-23,2020-10-22,140,216,307,56,0,406,0,0,0,0.532,13,0.06,1,0.005,0,0,5.2,5.4,1,NA
Entre Ríos,15-19,1241,2020-10-23,2020-10-22,149,503,623,115,0,923,0,0,0,0.545,10,0.02,0,0,0,0,6.8,5.7,NA,NA
Entre Ríos,20-24,2418,2020-10-23,2020-10-22,181,1012,1197,209,0,1877,0,0,0,0.539,28,0.028,1,0.001,0,0,6.4,5.1,1,NA
Entre Ríos,25-29,3704,2020-10-23,2020-10-22,198,1565,1853,286,0,2948,0,0,0,0.531,27,0.017,0,0,0,0,6.5,5,NA,NA
Entre Ríos,30-34,4004,2020-10-23,2020-10-23,196,1721,1993,290,1,3267,0,0,0.001,0.527,44,0.026,0,0,0,0,6.4,5,NA,3
Entre Ríos,35-39,3720,2020-10-23,2020-10-23,191,1598,1856,266,3,3049,0,0.002,0.002,0.524,38,0.024,4,0.003,4,0.003,6.5,5.1,2.8,16.3
Entre Ríos,40-44,3370,2020-10-23,2020-10-22,190,1484,1644,242,1,2804,0,0.001,0.001,0.529,49,0.033,2,0.001,0,0,6.5,5,5.5,4
Entre Ríos,45-49,2647,2020-10-23,2020-10-23,184,1217,1245,185,7,2192,0,0.005,0.006,0.555,47,0.039,2,0.002,0,0,6.5,5,8.5,18.3
Entre Ríos,50-54,2182,2020-10-23,2020-10-22,185,1037,1011,134,6,1841,0,0.005,0.006,0.563,54,0.052,4,0.004,1,0.001,6.8,5.1,6,22
Entre Ríos,55-59,1708,2020-10-23,2020-10-23,177,782,798,128,21,1414,0,0.023,0.027,0.553,58,0.074,12,0.015,5,0.006,6.6,5.1,5.1,17.4
Entre Ríos,60-64,1299,2020-10-23,2020-10-22,179,575,654,70,23,1119,0,0.036,0.04,0.514,79,0.137,8,0.014,4,0.007,6.9,5.5,13.9,14.9
Entre Ríos,65-69,1086,2020-10-23,2020-10-21,171,449,576,61,23,947,0,0.045,0.051,0.474,118,0.263,12,0.027,7,0.016,7,5.8,4,16
Entre Ríos,70-74,827,2020-10-23,2020-10-22,168,336,446,45,34,738,0,0.089,0.101,0.455,107,0.318,18,0.054,7,0.021,6.8,5.3,3.7,14.8
Entre Ríos,75-79,644,2020-10-23,2020-10-22,161,236,372,36,34,567,0,0.125,0.144,0.416,76,0.322,14,0.059,4,0.017,6.8,5.7,4.1,12.8
Entre Ríos,80+,1136,2020-10-23,2020-10-22,192,297,785,54,74,1042,0,0.211,0.249,0.285,124,0.418,15,0.051,6,0.02,5.7,4.9,4.6,10
Entre Ríos,NA,16,2020-10-22,2020-10-20,8,1,11,4,0,11,0,0,0,0.091,1,1,0,0,0,0,NA,5,NA,NA
Formosa,1-9,87,2020-10-23,2020-10-18,56,1,84,2,0,85,0,0,0,0.012,0,0,0,0,0,0,NA,NA,NA,NA
Formosa,10-14,25,2020-10-19,2020-10-06,19,1,24,0,0,23,0,0,0,0.043,1,1,0,0,0,0,NA,NA,NA,NA
Formosa,15-19,99,2020-10-23,2020-10-08,62,8,88,3,0,92,0,0,0,0.087,1,0.125,0,0,0,0,2.5,3.5,NA,NA
Formosa,20-24,216,2020-10-23,2020-10-05,93,21,192,3,0,201,0,0,0,0.104,12,0.571,0,0,0,0,1,-10,NA,NA
Formosa,25-29,222,2020-10-23,2020-10-09,96,21,190,11,0,197,0,0,0,0.107,5,0.238,0,0,0,0,NA,NA,NA,NA
Formosa,30-34,166,2020-10-23,2020-10-07,94,13,146,7,0,148,0,0,0,0.088,3,0.231,0,0,0,0,NA,NA,NA,NA
Formosa,35-39,136,2020-10-23,2020-09-24,81,14,115,7,0,123,0,0,0,0.114,2,0.143,0,0,0,0,4,12,NA,NA
Formosa,40-44,143,2020-10-23,2020-10-09,80,16,120,7,0,132,0,0,0,0.121,5,0.312,0,0,0,0,24,2,NA,NA
Formosa,45-49,93,2020-10-19,2020-10-15,58,9,78,6,0,83,0,0,0,0.108,5,0.556,0,0,0,0,2.5,1.5,NA,NA
Formosa,50-54,94,2020-10-20,2020-10-09,58,7,83,4,0,88,0,0,0,0.08,2,0.286,0,0,0,0,NA,NA,NA,NA
Formosa,55-59,89,2020-10-22,2020-09-16,63,7,81,1,0,86,0,0,0,0.081,2,0.286,0,0,0,0,2,3,NA,NA
Formosa,60-64,81,2020-10-23,2020-09-15,52,12,64,5,0,75,0,0,0,0.16,5,0.417,0,0,0,0,3,15,NA,NA
Formosa,65-69,76,2020-10-23,2020-10-12,51,4,72,0,1,69,0,0.25,0.25,0.058,4,1,0,0,0,0,12,13,NA,12
Formosa,70-74,39,2020-10-15,2020-09-22,33,2,36,1,0,38,0,0,0,0.053,0,0,0,0,0,0,NA,NA,NA,NA
Formosa,75-79,27,2020-10-20,2020-10-05,23,2,23,2,0,25,0,0,0,0.08,1,0.5,0,0,0,0,NA,NA,NA,NA
Formosa,80+,28,2020-10-17,2020-09-26,24,1,27,0,0,28,0,0,0,0.036,1,1,0,0,0,0,NA,NA,NA,NA
Jujuy,0,116,2020-10-20,2020-10-19,60,30,68,18,0,96,0,0,0,0.312,0,0,0,0,0,0,3.2,5,NA,NA
Jujuy,1-9,881,2020-10-23,2020-10-19,147,155,620,106,2,757,0,0.008,0.013,0.205,3,0.019,1,0.006,0,0,10,3.5,0,3
Jujuy,10-14,550,2020-10-21,2020-10-15,129,170,328,52,0,490,0,0,0,0.347,1,0.006,1,0.006,0,0,6.1,5.5,0,NA
Jujuy,15-19,1020,2020-10-22,2020-10-18,172,320,591,109,2,892,0,0.005,0.006,0.359,2,0.006,0,0,0,0,10.4,5.8,NA,19
Jujuy,20-24,2922,2020-10-22,2020-10-21,193,850,1776,296,1,2553,0,0.001,0.001,0.333,4,0.005,0,0,0,0,8.5,3.3,NA,46
Jujuy,25-29,5203,2020-10-23,2020-10-23,196,1786,2924,493,0,4609,0,0,0,0.388,9,0.005,2,0.001,0,0,8.5,2.7,NA,NA
Jujuy,30-34,5787,2020-10-23,2020-10-20,192,2159,3090,538,8,5170,0,0.003,0.004,0.418,14,0.006,4,0.002,1,0,10,2.8,4.5,16.8
Jujuy,35-39,6091,2020-10-23,2020-10-19,197,2180,3374,536,12,5457,1,0.004,0.006,0.399,20,0.009,6,0.003,1,0,9.5,3.9,3.2,18.6
Jujuy,40-44,5763,2020-10-23,2020-10-21,190,2042,3232,489,15,5192,0,0.006,0.007,0.393,25,0.012,12,0.006,1,0,7.9,3.5,17.7,25.8
Jujuy,45-49,4446,2020-10-22,2020-10-23,184,1731,2357,358,30,4030,0,0.014,0.017,0.43,26,0.015,3,0.002,1,0.001,8.5,3.4,8.3,19.3
Jujuy,50-54,3521,2020-10-23,2020-10-20,177,1425,1792,304,46,3175,0,0.027,0.032,0.449,20,0.014,7,0.005,2,0.001,9.5,2.1,8,20.9
Jujuy,55-59,3091,2020-10-23,2020-10-23,174,1252,1602,237,78,2818,0,0.052,0.062,0.444,38,0.03,15,0.012,8,0.006,8.5,2.7,7.9,21.3
Jujuy,60-64,2410,2020-10-22,2020-10-20,171,1062,1146,201,115,2184,1,0.091,0.108,0.486,40,0.038,20,0.019,14,0.013,6.6,3.4,6.5,20.1
Jujuy,65-69,1619,2020-10-23,2020-10-19,148,811,669,139,127,1465,0,0.134,0.157,0.554,36,0.044,12,0.015,8,0.01,7.3,5,5.1,18.8
Jujuy,70-74,1159,2020-10-23,2020-10-19,135,588,474,97,105,1046,0,0.153,0.179,0.562,27,0.046,13,0.022,7,0.012,6.6,5.8,6.9,18.7
Jujuy,75-79,875,2020-10-23,2020-10-17,131,428,383,64,92,798,0,0.187,0.215,0.536,27,0.063,15,0.035,8,0.019,7.9,5.6,7.7,15.6
Jujuy,80+,1056,2020-10-23,2020-10-20,138,498,478,80,138,954,0,0.239,0.277,0.522,18,0.036,2,0.004,1,0.002,6.9,6.7,2.5,15.2
Jujuy,NA,88,2020-10-18,2020-09-12,51,24,45,19,1,69,0,0.023,0.042,0.348,1,0.042,0,0,0,0,9.5,8.8,NA,11
La Pampa,0,85,2020-10-23,2020-10-21,49,6,71,8,0,76,0,0,0,0.079,0,0,0,0,0,0,3.2,2.4,NA,NA
La Pampa,1-9,784,2020-10-23,2020-10-22,99,80,628,76,0,702,0,0,0,0.114,1,0.013,0,0,0,0,2.6,2.1,NA,NA
La Pampa,10-14,381,2020-10-23,2020-10-22,76,76,259,46,0,329,0,0,0,0.231,0,0,0,0,0,0,3.2,2.6,NA,NA
La Pampa,15-19,816,2020-10-23,2020-10-22,99,170,558,88,0,720,0,0,0,0.236,0,0,0,0,0,0,3.5,2.9,NA,NA
La Pampa,20-24,1272,2020-10-23,2020-10-23,124,215,901,156,0,1104,0,0,0,0.195,0,0,0,0,0,0,4,3.1,NA,NA
La Pampa,25-29,1559,2020-10-23,2020-10-22,129,272,1156,131,0,1390,0,0,0,0.196,2,0.007,0,0,0,0,4.1,3.3,NA,NA
La Pampa,30-34,1489,2020-10-23,2020-10-22,125,248,1081,160,0,1306,0,0,0,0.19,1,0.004,1,0.004,0,0,3.5,3.2,14,NA
La Pampa,35-39,1407,2020-10-23,2020-10-22,141,237,1011,159,0,1231,0,0,0,0.193,4,0.017,0,0,0,0,4,3.2,NA,NA
La Pampa,40-44,1253,2020-10-23,2020-10-22,121,218,912,123,0,1115,0,0,0,0.196,6,0.028,2,0.009,1,0.005,3.7,3.2,6,NA
La Pampa,45-49,920,2020-10-23,2020-10-22,116,191,637,92,0,820,0,0,0,0.233,4,0.021,1,0.005,0,0,3.3,2.7,22,NA
La Pampa,50-54,736,2020-10-23,2020-10-22,121,149,523,64,1,657,0,0.005,0.007,0.227,1,0.007,0,0,0,0,3.8,3.2,NA,20
La Pampa,55-59,592,2020-10-23,2020-10-22,114,126,407,59,1,523,0,0.005,0.008,0.241,3,0.024,1,0.008,0,0,3.7,3.2,6,8
La Pampa,60-64,422,2020-10-23,2020-10-21,106,95,291,36,6,383,0,0.046,0.063,0.248,7,0.074,2,0.021,1,0.011,3.7,3.1,3.5,15.5
La Pampa,65-69,285,2020-10-23,2020-10-22,105,56,210,19,3,261,0,0.04,0.054,0.215,3,0.054,1,0.018,0,0,4.9,4.3,18,30.3
La Pampa,70-74,219,2020-10-23,2020-10-22,98,36,160,23,3,193,0,0.051,0.083,0.187,8,0.222,3,0.083,1,0.028,4.3,4,8.7,10.3
La Pampa,75-79,177,2020-10-23,2020-10-21,80,37,128,12,2,163,0,0.041,0.054,0.227,5,0.135,2,0.054,1,0.027,9,8.3,2.5,20
La Pampa,80+,372,2020-10-23,2020-10-22,131,47,292,33,9,329,0,0.112,0.191,0.143,10,0.213,1,0.021,0,0,3.4,2.6,1,13.4
La Rioja,0,39,2020-10-21,2020-10-01,33,9,28,2,0,36,0,0,0,0.25,0,0,0,0,0,0,8,10,NA,NA
La Rioja,1-9,236,2020-10-23,2020-10-20,111,35,197,4,0,228,0,0,0,0.154,0,0,0,0,0,0,3.2,7.7,NA,NA
La Rioja,10-14,202,2020-10-22,2020-09-24,99,39,159,4,0,196,0,0,0,0.199,0,0,0,0,0,0,33.3,7,NA,NA
La Rioja,15-19,560,2020-10-23,2020-10-06,124,176,363,21,0,537,0,0,0,0.328,1,0.006,0,0,0,0,10.5,5.8,NA,NA
La Rioja,20-24,1684,2020-10-23,2020-10-20,167,581,1076,26,2,1642,1,0.003,0.003,0.354,2,0.003,0,0,0,0,8.2,7.4,NA,15.5
La Rioja,25-29,2707,2020-10-23,2020-10-19,172,1000,1664,42,4,2634,1,0.004,0.004,0.38,1,0.001,1,0.001,0,0,19.3,4.8,1,13
La Rioja,30-34,2601,2020-10-23,2020-10-18,181,949,1605,47,1,2532,0,0.001,0.001,0.375,1,0.001,0,0,0,0,18.8,4.9,NA,12
La Rioja,35-39,2364,2020-10-23,2020-10-18,178,856,1463,45,4,2300,0,0.004,0.005,0.372,2,0.002,0,0,0,0,11.2,3.8,NA,8
La Rioja,40-44,2315,2020-10-22,2020-10-15,182,829,1432,54,10,2241,0,0.011,0.012,0.37,6,0.007,1,0.001,0,0,11.1,3.7,6,16.4
La Rioja,45-49,1607,2020-10-23,2020-10-20,179,585,992,30,7,1566,0,0.011,0.012,0.374,2,0.003,0,0,0,0,13.3,3.1,NA,13.6
La Rioja,50-54,1241,2020-10-23,2020-10-15,166,464,753,24,9,1207,0,0.018,0.019,0.384,4,0.009,1,0.002,1,0.002,8.3,4.8,2,10.7
La Rioja,55-59,1066,2020-10-22,2020-10-07,162,422,623,21,24,1035,0,0.054,0.057,0.408,9,0.021,4,0.009,2,0.005,13,3.3,0.8,27.2
La Rioja,60-64,789,2020-10-23,2020-10-20,170,296,477,16,24,763,0,0.077,0.081,0.388,0,0,0,0,0,0,8.7,4.2,NA,15.9
La Rioja,65-69,619,2020-10-23,2020-10-16,163,241,375,3,29,613,0,0.119,0.12,0.393,4,0.017,2,0.008,1,0.004,5.7,4.4,19.5,15.4
La Rioja,70-74,510,2020-10-22,2020-10-19,162,204,301,5,37,497,0,0.177,0.181,0.41,4,0.02,2,0.01,0,0,15.9,6.4,2.5,22.9
La Rioja,75-79,288,2020-10-21,2020-10-13,136,114,167,7,29,278,0,0.24,0.254,0.41,4,0.035,0,0,0,0,7.3,5.9,NA,8.7
La Rioja,80+,509,2020-10-23,2020-10-15,172,166,335,8,61,497,0,0.351,0.367,0.334,9,0.054,3,0.018,0,0,8.3,3.5,1,12.7
Mendoza,0,613,2020-10-23,2020-10-20,140,163,370,80,2,499,0,0.008,0.012,0.327,20,0.123,1,0.006,1,0.006,6.6,4.1,NA,22
Mendoza,1-9,2215,2020-10-23,2020-10-22,202,700,1397,118,0,1834,0,0,0,0.382,64,0.091,0,0,0,0,3.2,5.4,NA,NA
Mendoza,10-14,1192,2020-10-23,2020-10-23,156,493,605,94,0,920,0,0,0,0.536,31,0.063,0,0,0,0,5,6.4,NA,NA
Mendoza,15-19,2679,2020-10-23,2020-10-23,154,1210,1124,345,0,2030,0,0,0,0.596,35,0.029,0,0,0,0,6.4,5.6,NA,NA
Mendoza,20-24,7181,2020-10-23,2020-10-23,183,3154,3165,862,0,5801,0,0,0,0.544,108,0.034,1,0,0,0,6.8,4.9,7,NA
Mendoza,25-29,11234,2020-10-23,2020-10-23,197,5103,4938,1193,5,9364,0,0.001,0.001,0.545,212,0.042,4,0.001,3,0.001,7.3,4.1,12.2,17.3
Mendoza,30-34,12215,2020-10-23,2020-10-22,196,5621,5309,1283,3,10268,2,0,0.001,0.547,235,0.042,7,0.001,4,0.001,7.6,4.3,4.7,22
Mendoza,35-39,10879,2020-10-23,2020-10-23,193,4907,4763,1207,7,9026,2,0.001,0.001,0.544,171,0.035,6,0.001,1,0,7.6,4.2,8,20.1
Mendoza,40-44,9929,2020-10-23,2020-10-23,192,4571,4270,1086,13,8230,2,0.002,0.003,0.555,191,0.042,19,0.004,7,0.002,7.9,4.9,7.2,10.6
Mendoza,45-49,8043,2020-10-23,2020-10-22,193,3828,3371,841,17,6698,3,0.004,0.004,0.572,196,0.051,13,0.003,5,0.001,7.7,4.9,5.1,14.6
Mendoza,50-54,6463,2020-10-23,2020-10-23,183,3148,2601,714,32,5376,0,0.008,0.01,0.586,208,0.066,20,0.006,9,0.003,7.6,5.1,3.3,13.9
Mendoza,55-59,5106,2020-10-23,2020-10-22,186,2500,2066,540,32,4271,0,0.011,0.013,0.585,220,0.088,29,0.012,12,0.005,7.6,4.8,4.1,21.4
Mendoza,60-64,3759,2020-10-23,2020-10-23,181,1857,1484,418,56,3134,0,0.025,0.03,0.593,204,0.11,38,0.02,19,0.01,7,4.8,5.5,13.5
Mendoza,65-69,2921,2020-10-23,2020-10-22,180,1420,1201,300,90,2452,0,0.052,0.063,0.579,175,0.123,45,0.032,29,0.02,7,5,6.2,12.6
Mendoza,70-74,2220,2020-10-23,2020-10-22,173,1049,930,241,112,1867,0,0.087,0.107,0.562,137,0.131,33,0.031,21,0.02,7.3,4.7,5.5,13.8
Mendoza,75-79,1739,2020-10-23,2020-10-21,180,758,786,195,95,1472,0,0.1,0.125,0.515,103,0.136,20,0.026,11,0.015,7.6,3.8,4.4,8.9
Mendoza,80+,2893,2020-10-23,2020-10-22,199,1209,1443,240,230,2561,1,0.159,0.19,0.472,218,0.18,27,0.022,8,0.007,5.7,3.8,4.1,10
Mendoza,NA,109,2020-10-22,2020-09-22,60,34,65,10,0,97,0,0,0,0.351,0,0,0,0,0,0,18.2,7.5,NA,NA
Misiones,0,45,2020-10-16,2020-10-07,32,2,38,5,0,38,0,0,0,0.053,2,1,0,0,0,0,11,4.5,NA,NA
Misiones,1-9,242,2020-10-23,2020-10-13,95,3,228,11,0,212,0,0,0,0.014,2,0.667,0,0,0,0,3,1.5,NA,NA
Misiones,15-19,264,2020-10-23,2020-10-12,102,2,249,13,0,227,0,0,0,0.009,0,0,0,0,0,0,NA,NA,NA,NA
Misiones,20-24,767,2020-10-23,2020-10-20,139,22,714,31,0,643,0,0,0,0.034,5,0.227,0,0,0,0,12.5,11.7,2,NA
Misiones,25-29,970,2020-10-23,2020-10-17,148,29,899,42,0,823,0,0,0,0.035,4,0.138,0,0,0,0,9.8,9.6,NA,NA
Misiones,30-34,874,2020-10-23,2020-10-15,154,20,818,36,0,786,0,0,0,0.025,1,0.05,0,0,0,0,8.9,8.1,NA,NA
Misiones,35-39,697,2020-10-23,2020-10-20,146,20,655,22,0,646,0,0,0,0.031,2,0.1,0,0,0,0,11.8,5.5,NA,NA
Misiones,40-44,677,2020-10-23,2020-10-18,140,22,629,26,0,619,0,0,0,0.036,3,0.136,0,0,0,0,7.3,6.8,NA,NA
Misiones,45-49,562,2020-10-23,2020-10-11,132,18,520,24,1,510,0,0.024,0.056,0.035,6,0.333,1,0.056,0,0,11.8,11.8,2,3
Misiones,50-54,414,2020-10-23,2020-10-13,133,12,376,26,0,374,0,0,0,0.032,3,0.25,0,0,0,0,7,7,NA,NA
Misiones,55-59,420,2020-10-23,2020-10-21,133,20,382,18,0,390,0,0,0,0.051,14,0.7,1,0.05,0,0,12.7,10.6,13,NA
Misiones,60-64,352,2020-10-22,2020-10-21,112,20,313,19,2,316,0,0.051,0.1,0.063,9,0.45,2,0.1,2,0.1,14.3,14.1,2,10
Misiones,65-69,222,2020-10-23,2020-10-13,95,5,210,7,1,207,0,0.083,0.2,0.024,3,0.6,2,0.4,1,0.2,10.4,10.2,5.5,4
Misiones,70-74,135,2020-10-21,2020-10-11,78,7,124,4,0,123,0,0,0,0.057,5,0.714,1,0.143,0,0,8.3,7.9,5,NA
Misiones,75-79,104,2020-10-23,2020-10-14,55,4,92,8,0,92,0,0,0,0.043,2,0.5,0,0,0,0,8,8,NA,NA
Misiones,80+,149,2020-10-23,2020-10-16,70,3,139,7,0,140,0,0,0,0.021,3,1,1,0.333,0,0,7.3,7.3,5.5,NA
Neuquén,0,188,2020-10-21,2020-10-21,80,49,115,24,0,130,0,0,0,0.377,14,0.286,1,0.02,1,0.02,4.4,4.8,NA,NA
Neuquén,1-9,1204,2020-10-23,2020-10-21,182,482,581,141,0,764,0,0,0,0.631,152,0.315,1,0.002,0,0,4.9,7.3,0,NA
Neuquén,10-14,710,2020-10-22,2020-10-20,148,402,216,92,0,404,0,0,0,0.995,145,0.361,0,0,0,0,5.4,8.1,NA,NA
Neuquén,15-19,1346,2020-10-23,2020-10-21,168,767,352,227,0,804,0,0,0,0.954,266,0.347,0,0,0,0,5.7,6.8,NA,NA
Neuquén,20-24,3058,2020-10-23,2020-10-22,188,1593,948,517,0,2063,0,0,0,0.772,643,0.404,1,0.001,1,0.001,5.9,5.8,0,NA
Neuquén,25-29,4702,2020-10-23,2020-10-22,196,2379,1565,758,0,3381,0,0,0,0.704,1000,0.42,0,0,0,0,5.9,5.1,NA,NA
Neuquén,30-34,4801,2020-10-23,2020-10-22,202,2449,1617,735,4,3533,0,0.001,0.002,0.693,1071,0.437,6,0.002,6,0.002,5.9,5.2,4.8,17.8
Neuquén,35-39,4308,2020-10-23,2020-10-22,202,2171,1439,698,5,3173,0,0.002,0.002,0.684,970,0.447,4,0.002,4,0.002,6,5.3,15.8,22
Neuquén,40-44,3872,2020-10-23,2020-10-22,201,2029,1258,585,7,2880,0,0.003,0.003,0.705,829,0.409,10,0.005,8,0.004,6.1,5.3,9.2,22
Neuquén,45-49,2934,2020-10-23,2020-10-22,196,1555,935,444,9,2172,0,0.005,0.006,0.716,668,0.43,9,0.006,7,0.005,6.3,5.7,10.4,22.7
Neuquén,50-54,2301,2020-10-23,2020-10-22,175,1235,698,368,19,1692,0,0.012,0.015,0.73,548,0.444,17,0.014,16,0.013,6.8,5.7,7.7,16.9
Neuquén,55-59,1876,2020-10-23,2020-10-22,178,1051,540,285,23,1402,0,0.017,0.022,0.75,435,0.414,20,0.019,17,0.016,6.7,6.1,6.9,22.3
Neuquén,60-64,1470,2020-10-23,2020-10-22,179,809,450,211,44,1125,0,0.043,0.054,0.719,376,0.465,29,0.036,21,0.026,7.2,5.9,6.2,20.8
Neuquén,65-69,1150,2020-10-23,2020-10-20,185,593,409,148,55,898,0,0.074,0.093,0.66,268,0.452,27,0.046,25,0.042,7.1,6.2,5.9,17.5
Neuquén,70-74,853,2020-10-23,2020-10-22,176,399,346,108,48,706,0,0.095,0.12,0.565,202,0.506,17,0.043,14,0.035,6.5,5.5,6,21.7
Neuquén,75-79,634,2020-10-23,2020-10-22,167,278,276,80,42,498,0,0.117,0.151,0.558,120,0.432,9,0.032,6,0.022,6.7,5.9,4.6,13.6
Neuquén,80+,1060,2020-10-23,2020-10-21,199,369,568,123,71,878,0,0.144,0.192,0.42,191,0.518,13,0.035,7,0.019,6.6,5,3.2,13.5
Río Negro,0,344,2020-10-23,2020-10-21,128,104,219,21,0,284,0,0,0,0.366,13,0.125,1,0.01,1,0.01,3,3.7,3,NA
Río Negro,1-9,1785,2020-10-23,2020-10-23,186,625,1104,56,1,1426,0,0.001,0.002,0.438,71,0.114,0,0,0,0,3.4,3.4,NA,28
Río Negro,10-14,816,2020-10-23,2020-10-22,154,404,377,35,0,614,0,0,0,0.658,41,0.101,0,0,0,0,3,3.5,NA,NA
Río Negro,15-19,1666,2020-10-23,2020-10-23,170,839,712,115,1,1309,0,0.001,0.001,0.641,141,0.168,1,0.001,0,0,3.8,3.8,5,3
Río Negro,20-24,3375,2020-10-23,2020-10-22,188,1654,1471,250,3,2788,0,0.002,0.002,0.593,253,0.153,2,0.001,1,0.001,5,3.6,8,20
Río Negro,25-29,4993,2020-10-23,2020-10-22,198,2460,2163,370,2,4268,0,0.001,0.001,0.576,390,0.159,2,0.001,2,0.001,5,3.3,3.7,16.5
Río Negro,30-34,5412,2020-10-23,2020-10-23,199,2722,2291,399,6,4680,0,0.002,0.002,0.582,387,0.142,1,0,1,0,5.1,3.3,4,10.3
Río Negro,35-39,5019,2020-10-23,2020-10-23,196,2498,2189,332,10,4358,0,0.004,0.004,0.573,359,0.144,6,0.002,3,0.001,4.7,3,6.5,14.9
Río Negro,40-44,4389,2020-10-23,2020-10-23,198,2204,1890,295,8,3828,0,0.003,0.004,0.576,362,0.164,8,0.004,5,0.002,4.7,3.7,5.5,18.4
Río Negro,45-49,3538,2020-10-23,2020-10-22,188,1816,1470,252,12,3059,0,0.006,0.007,0.594,311,0.171,12,0.007,6,0.003,4.9,2.6,8,23
Río Negro,50-54,2777,2020-10-23,2020-10-22,189,1409,1163,205,21,2416,0,0.013,0.015,0.583,239,0.17,8,0.006,1,0.001,4.9,4,7,20.9
Río Negro,55-59,2323,2020-10-23,2020-10-23,183,1278,895,149,55,2044,1,0.039,0.043,0.625,225,0.176,27,0.021,22,0.017,5.3,4.1,8.3,18.5
Río Negro,60-64,1741,2020-10-23,2020-10-22,183,932,681,128,59,1533,0,0.056,0.063,0.608,186,0.2,29,0.031,20,0.021,4.9,3.9,4.2,14.7
Río Negro,65-69,1277,2020-10-23,2020-10-23,174,694,493,90,57,1133,0,0.073,0.082,0.613,141,0.203,17,0.024,13,0.019,4.5,3.8,9.1,16.8
Río Negro,70-74,1090,2020-10-23,2020-10-22,180,544,470,76,78,967,0,0.126,0.143,0.563,130,0.239,13,0.024,11,0.02,4.8,4.1,5.7,15
Río Negro,75-79,906,2020-10-23,2020-10-22,177,448,403,55,89,823,0,0.177,0.199,0.544,111,0.248,13,0.029,11,0.025,4.6,3,3.7,13.6
Río Negro,80+,1393,2020-10-23,2020-10-21,194,634,689,70,141,1278,0,0.2,0.222,0.496,161,0.254,16,0.025,10,0.016,4.3,2.2,6.1,11.2
Río Negro,NA,13,2020-10-22,2020-10-16,10,8,4,1,0,10,0,0,0,0.8,3,0.375,0,0,0,0,6,7.5,NA,NA
SIN ESPECIFICAR,0,6,2020-10-22,2020-08-17,4,3,3,0,0,4,0,0,0,0.75,0,0,0,0,0,0,NA,17,NA,NA
SIN ESPECIFICAR,1-9,131,2020-10-21,2020-10-14,71,43,85,3,0,116,0,0,0,0.371,4,0.093,0,0,0,0,5.3,4.7,NA,NA
SIN ESPECIFICAR,10-14,132,2020-10-22,2020-10-17,67,54,74,4,0,113,0,0,0,0.478,1,0.019,0,0,0,0,5.7,5.1,NA,NA
SIN ESPECIFICAR,15-19,197,2020-10-22,2020-10-17,76,87,106,4,0,175,0,0,0,0.497,1,0.011,1,0.011,0,0,4.1,4.8,0,NA
SIN ESPECIFICAR,20-24,617,2020-10-22,2020-10-21,138,232,353,32,0,514,0,0,0,0.451,14,0.06,0,0,0,0,7.3,4.1,NA,NA
SIN ESPECIFICAR,25-29,1327,2020-10-23,2020-10-21,169,496,764,67,0,1129,0,0,0,0.439,22,0.044,1,0.002,0,0,5.2,3.3,10,NA
SIN ESPECIFICAR,30-34,1521,2020-10-23,2020-10-22,175,552,869,100,1,1291,0,0.002,0.002,0.428,28,0.051,1,0.002,0,0,6.5,3.4,0,28
SIN ESPECIFICAR,35-39,1029,2020-10-23,2020-10-22,172,371,597,61,1,869,0,0.002,0.003,0.427,25,0.067,1,0.003,1,0.003,6.6,4.1,1,11
SIN ESPECIFICAR,40-44,553,2020-10-23,2020-10-19,146,227,293,33,0,477,0,0,0,0.476,14,0.062,2,0.009,1,0.004,6.7,4,7,NA
SIN ESPECIFICAR,45-49,413,2020-10-23,2020-10-20,125,162,227,24,1,354,0,0.005,0.006,0.458,8,0.049,0,0,0,0,6.4,4.9,NA,21
SIN ESPECIFICAR,50-54,297,2020-10-22,2020-10-18,105,122,162,13,1,259,0,0.007,0.008,0.471,10,0.082,0,0,0,0,5.5,4.3,NA,17
SIN ESPECIFICAR,55-59,198,2020-10-22,2020-10-13,92,71,118,9,2,173,0,0.025,0.028,0.41,12,0.169,3,0.042,1,0.014,8.6,6.2,2.3,39
SIN ESPECIFICAR,60-64,120,2020-10-22,2020-10-17,61,49,65,6,4,105,0,0.073,0.082,0.467,8,0.163,2,0.041,2,0.041,6.7,5.5,2,11
SIN ESPECIFICAR,65-69,82,2020-10-22,2020-10-15,52,27,47,8,2,68,0,0.057,0.074,0.397,2,0.074,1,0.037,0,0,4.6,3.7,13,8
SIN ESPECIFICAR,70-74,53,2020-10-22,2020-10-19,41,29,24,0,4,48,0,0.138,0.138,0.604,9,0.31,5,0.172,3,0.103,7.1,4.8,7.6,20.2
SIN ESPECIFICAR,75-79,28,2020-10-21,2020-10-19,27,10,17,1,2,27,0,0.182,0.2,0.37,2,0.2,0,0,0,0,3.3,2.7,NA,22
SIN ESPECIFICAR,80+,35,2020-10-21,2020-10-11,26,13,20,2,3,30,0,0.2,0.231,0.433,4,0.308,2,0.154,1,0.077,6.1,4.7,3,13.5
SIN ESPECIFICAR,NA,29,2020-10-06,2020-07-22,21,6,20,3,1,26,0,0.111,0.167,0.231,2,0.333,1,0.167,1,0.167,3.5,4,3,12
Salta,0,155,2020-10-23,2020-10-17,58,39,104,12,2,140,0,0.039,0.051,0.279,13,0.333,4,0.103,3,0.077,5,4.5,3.5,9.5
Salta,1-9,605,2020-10-23,2020-10-20,115,160,385,60,3,497,0,0.014,0.019,0.322,27,0.169,2,0.013,2,0.013,5.5,4.9,2,5.3
Salta,10-14,384,2020-10-23,2020-10-21,91,151,175,58,0,299,0,0,0,0.505,13,0.086,1,0.007,0,0,4.8,4.9,6,NA
Salta,15-19,953,2020-10-23,2020-10-21,123,363,444,146,0,721,0,0,0,0.503,22,0.061,2,0.006,1,0.003,7.4,8.4,1.5,NA
Salta,20-24,2130,2020-10-23,2020-10-23,160,881,994,255,5,1702,0,0.004,0.006,0.518,64,0.073,2,0.002,0,0,7,7.2,4,10.8
Salta,25-29,4153,2020-10-23,2020-10-23,176,1825,1846,482,5,3480,0,0.002,0.003,0.524,93,0.051,3,0.002,1,0.001,7.1,6.4,11.7,13.6
Salta,30-34,5165,2020-10-23,2020-10-23,171,2339,2262,564,9,4358,0,0.003,0.004,0.537,99,0.042,9,0.004,4,0.002,6.8,5.8,6.3,16
Salta,35-39,5165,2020-10-23,2020-10-23,168,2318,2268,579,4,4409,0,0.001,0.002,0.526,95,0.041,10,0.004,5,0.002,7.1,6,5.4,20.2
Salta,40-44,4920,2020-10-23,2020-10-22,170,2227,2187,506,17,4211,0,0.006,0.008,0.529,128,0.057,12,0.005,7,0.003,7.5,6.9,5.4,13.1
Salta,45-49,3850,2020-10-23,2020-10-22,157,1764,1674,412,30,3277,0,0.014,0.017,0.538,149,0.084,23,0.013,14,0.008,7.4,6.5,5.3,13.3
Salta,50-54,2879,2020-10-23,2020-10-21,142,1391,1191,297,40,2439,0,0.024,0.029,0.57,154,0.111,28,0.02,17,0.012,8.6,7.3,7.7,17.7
Salta,55-59,2492,2020-10-23,2020-10-21,145,1187,1035,270,67,2094,0,0.046,0.056,0.567,170,0.143,46,0.039,22,0.019,8,7.4,8,16.7
Salta,60-64,1738,2020-10-23,2020-10-20,125,863,705,170,90,1486,0,0.087,0.104,0.581,167,0.194,44,0.051,22,0.025,7.7,7.2,8.8,15.5
Salta,65-69,1282,2020-10-23,2020-10-20,118,650,506,126,114,1084,0,0.147,0.175,0.6,175,0.269,50,0.077,33,0.051,8.2,7.5,8.5,14.6
Salta,70-74,896,2020-10-23,2020-10-22,108,471,322,103,89,734,0,0.155,0.189,0.642,131,0.278,32,0.068,19,0.04,8.2,6.9,8.6,13.1
Salta,75-79,611,2020-10-23,2020-10-21,99,320,232,59,83,510,0,0.219,0.259,0.627,119,0.372,26,0.081,15,0.047,7.9,7.2,5,11.9
Salta,80+,796,2020-10-23,2020-10-21,113,437,281,78,114,673,0,0.221,0.261,0.649,163,0.373,32,0.073,13,0.03,8,6,4.8,10.6
Salta,NA,98,2020-10-23,2020-10-08,36,51,26,21,1,76,0,0.014,0.02,0.671,1,0.02,0,0,0,0,6.3,5.9,NA,13
San Juan,1-9,71,2020-10-04,2020-10-15,33,3,47,21,0,40,0,0,0,0.075,0,0,0,0,0,0,NA,NA,NA,NA
San Juan,10-14,43,2020-10-20,2020-10-15,19,7,23,13,0,20,0,0,0,0.35,0,0,0,0,0,0,NA,NA,NA,NA
San Juan,15-19,116,2020-10-22,2020-10-15,40,36,48,32,0,62,0,0,0,0.581,0,0,0,0,0,0,1.8,4.4,NA,NA
San Juan,20-24,345,2020-10-22,2020-10-18,100,153,116,76,0,236,0,0,0,0.648,0,0,0,0,0,0,1.7,4.1,NA,NA
San Juan,25-29,561,2020-10-22,2020-10-22,119,208,171,182,0,321,0,0,0,0.648,3,0.014,1,0.005,0,0,3.5,5.2,NA,NA
San Juan,30-34,483,2020-10-23,2020-10-21,123,165,158,160,0,291,0,0,0,0.567,2,0.012,0,0,0,0,3,4.4,NA,NA
San Juan,35-39,451,2020-10-23,2020-10-22,114,162,149,140,0,260,0,0,0,0.623,1,0.006,0,0,0,0,2.5,3.8,NA,NA
San Juan,40-44,407,2020-10-23,2020-10-20,102,133,148,126,0,233,0,0,0,0.571,3,0.023,0,0,0,0,3.9,5.3,NA,NA
San Juan,45-49,290,2020-10-22,2020-10-17,96,85,116,89,1,179,0,0.006,0.012,0.475,1,0.012,0,0,0,0,4.5,5.3,NA,2
San Juan,50-54,279,2020-10-20,2020-10-17,85,86,105,88,2,156,0,0.011,0.023,0.551,4,0.047,1,0.012,0,0,4.2,4.5,0,19.5
San Juan,55-59,229,2020-10-21,2020-10-21,82,69,96,64,3,135,0,0.023,0.043,0.511,4,0.058,2,0.029,0,0,1.4,1.9,1.5,16.7
San Juan,60-64,219,2020-10-20,2020-10-17,76,82,91,46,7,149,0,0.055,0.085,0.55,7,0.085,4,0.049,1,0.012,4.1,4.3,4.5,14.7
San Juan,65-69,207,2020-10-11,2020-10-19,74,61,105,41,5,136,0,0.049,0.082,0.449,3,0.049,2,0.033,1,0.016,3.1,3.9,1.5,12.4
San Juan,70-74,215,2020-10-22,2020-10-16,87,44,118,53,6,142,0,0.062,0.136,0.31,7,0.159,4,0.091,2,0.045,5.1,6.2,4,12.8
San Juan,75-79,177,2020-10-14,2020-10-15,79,24,105,48,8,108,0,0.111,0.333,0.222,10,0.417,5,0.208,3,0.125,7.6,6,1.8,9.5
San Juan,80+,318,2020-10-10,2020-10-11,110,55,181,82,23,199,0,0.168,0.418,0.276,22,0.4,10,0.182,2,0.036,5.2,3.5,2.1,8.6
San Luis,0,43,2020-10-22,2020-10-18,29,6,25,12,0,30,0,0,0,0.2,1,0.167,0,0,0,0,9,5.5,NA,NA
San Luis,1-9,317,2020-10-23,2020-10-21,104,69,206,42,0,266,0,0,0,0.259,1,0.014,0,0,0,0,6,3,NA,NA
San Luis,10-14,276,2020-10-23,2020-09-10,59,100,138,38,0,229,0,0,0,0.437,0,0,0,0,0,0,4,1,NA,NA
San Luis,15-19,761,2020-10-23,2020-10-12,79,258,378,125,0,607,0,0,0,0.425,2,0.008,0,0,0,0,7.5,6.3,NA,NA
San Luis,20-24,1377,2020-10-23,2020-10-16,86,418,722,237,0,1089,0,0,0,0.384,5,0.012,0,0,0,0,6.4,5.8,NA,NA
San Luis,25-29,2150,2020-10-23,2020-10-18,110,614,1215,321,0,1759,0,0,0,0.349,10,0.016,0,0,0,0,12.6,3.8,NA,NA
San Luis,30-34,2285,2020-10-23,2020-10-20,126,593,1338,353,0,1859,1,0,0,0.319,10,0.017,1,0.002,1,0.002,7.1,4,2,NA
San Luis,35-39,2496,2020-10-23,2020-10-16,119,614,1549,333,0,2097,0,0,0,0.293,3,0.005,0,0,0,0,6.4,3.9,NA,NA
San Luis,40-44,2308,2020-10-23,2020-10-18,121,586,1429,293,0,1951,0,0,0,0.3,9,0.015,0,0,0,0,12.4,5.5,NA,NA
San Luis,45-49,1764,2020-10-23,2020-10-21,111,483,1032,249,0,1461,0,0,0,0.331,5,0.01,0,0,0,0,13.6,9.6,NA,NA
San Luis,50-54,1420,2020-10-23,2020-10-18,101,381,854,185,3,1186,0,0.005,0.008,0.321,12,0.031,3,0.008,1,0.003,17.9,6.9,4,11.7
San Luis,55-59,1109,2020-10-23,2020-10-16,103,303,656,150,2,921,0,0.004,0.007,0.329,6,0.02,0,0,0,0,25.1,5.9,NA,10
San Luis,60-64,769,2020-10-23,2020-10-16,108,234,416,119,3,610,0,0.008,0.013,0.384,8,0.034,2,0.009,0,0,7.8,6.2,3,6.5
San Luis,65-69,525,2020-10-23,2020-10-14,89,155,278,92,6,411,0,0.024,0.039,0.377,10,0.065,2,0.013,1,0.006,10.8,7.6,4.5,15
San Luis,70-74,343,2020-10-23,2020-10-12,80,105,177,61,7,262,0,0.042,0.067,0.401,7,0.067,3,0.029,2,0.019,7.6,6.2,3.7,11.3
San Luis,75-79,234,2020-10-23,2020-10-20,70,72,116,46,3,178,0,0.025,0.042,0.404,9,0.125,2,0.028,1,0.014,4.3,2.9,4,13.7
San Luis,80+,247,2020-10-23,2020-10-18,86,78,125,44,13,192,0,0.107,0.167,0.406,13,0.167,3,0.038,1,0.013,7.6,6.4,4.3,17.5
Santa Cruz,0,101,2020-10-22,2020-10-20,49,37,56,8,0,73,0,0,0,0.507,1,0.027,0,0,0,0,2.9,4.2,NA,NA
Santa Cruz,1-9,475,2020-10-22,2020-10-22,108,250,201,24,0,322,0,0,0,0.776,4,0.016,1,0.004,0,0,3.7,3.8,0,NA
Santa Cruz,10-14,312,2020-10-21,2020-10-20,91,180,115,17,0,228,0,0,0,0.789,2,0.011,1,0.006,1,0.006,4.3,4.3,5,NA
Santa Cruz,15-19,695,2020-10-22,2020-10-22,114,338,305,52,0,563,0,0,0,0.6,5,0.015,1,0.003,0,0,4.7,4.5,2,NA
Santa Cruz,20-24,1707,2020-10-23,2020-10-23,154,767,762,178,0,1379,0,0,0,0.556,10,0.013,0,0,0,0,5.1,4.3,NA,NA
Santa Cruz,25-29,2469,2020-10-23,2020-10-23,145,1109,1118,242,2,2045,0,0.001,0.002,0.542,16,0.014,3,0.003,2,0.002,5.7,4.4,5.7,2
Santa Cruz,30-34,2565,2020-10-23,2020-10-23,152,1140,1168,256,0,2123,1,0,0,0.537,17,0.015,2,0.002,0,0,5.8,4.3,9,NA
Santa Cruz,35-39,2268,2020-10-23,2020-10-23,132,1027,1025,216,2,1876,0,0.002,0.002,0.547,31,0.03,5,0.005,4,0.004,5.5,4.1,5.4,9
Santa Cruz,40-44,2017,2020-10-23,2020-10-23,156,856,965,196,2,1666,0,0.002,0.002,0.514,31,0.036,6,0.007,3,0.004,4.6,3.9,8.5,1
Santa Cruz,45-49,1520,2020-10-23,2020-10-23,134,701,669,150,6,1248,0,0.007,0.009,0.562,51,0.073,15,0.021,9,0.013,4.7,4.2,10.1,24
Santa Cruz,50-54,1128,2020-10-23,2020-10-23,125,546,466,116,7,940,0,0.011,0.013,0.581,45,0.082,12,0.022,9,0.016,5.6,4.1,8.8,20.3
Santa Cruz,55-59,828,2020-10-23,2020-10-23,127,409,361,57,14,711,1,0.03,0.034,0.575,56,0.137,15,0.037,12,0.029,6.4,5.7,8.2,17.5
Santa Cruz,60-64,575,2020-10-22,2020-10-23,116,284,257,34,9,505,0,0.028,0.032,0.562,56,0.197,13,0.046,8,0.028,5.1,4.3,7.3,17.4
Santa Cruz,65-69,402,2020-10-22,2020-10-22,109,176,203,23,13,352,0,0.065,0.074,0.5,36,0.205,10,0.057,6,0.034,5,4.8,10.6,18.8
Santa Cruz,70-74,257,2020-10-22,2020-10-22,101,123,113,20,16,226,1,0.112,0.13,0.544,35,0.285,8,0.065,7,0.057,4.6,4,9.6,11.7
Santa Cruz,75-79,183,2020-10-23,2020-10-21,87,104,71,8,21,167,0,0.188,0.202,0.623,33,0.317,8,0.077,7,0.067,5,3.9,13.8,13
Santa Cruz,80+,250,2020-10-23,2020-10-22,115,97,141,12,22,229,0,0.202,0.227,0.424,37,0.381,3,0.031,3,0.031,3.8,3.5,5.3,11.1
Santa Cruz,NA,5,NA,2020-06-21,0,4,0,1,0,0,0,0,0,Inf,0,0,0,0,0,0,NA,NA,NA,NA
Santa Fe,0,813,2020-10-23,2020-10-22,178,173,590,50,1,623,0,0.004,0.006,0.278,27,0.156,4,0.023,1,0.006,5.9,7.4,0.2,51
Santa Fe,1-9,5230,2020-10-23,2020-10-22,218,1135,3862,233,1,3759,0,0.001,0.001,0.302,35,0.031,4,0.004,3,0.003,5.5,8.7,0.2,4
Santa Fe,10-14,2374,2020-10-23,2020-10-22,203,1074,1199,101,0,1564,0,0,0,0.687,8,0.007,1,0.001,1,0.001,6.3,9.1,6,NA
Santa Fe,15-19,5905,2020-10-23,2020-10-23,216,3135,2445,325,1,3955,0,0,0,0.793,9,0.003,1,0,1,0,6.4,8.4,0,1
Santa Fe,20-24,13370,2020-10-23,2020-10-22,215,7611,5093,666,1,9219,0,0,0,0.826,22,0.003,4,0.001,2,0,6.5,8.1,5.8,15
Santa Fe,25-29,20226,2020-10-23,2020-10-22,221,11565,7632,1029,1,14493,0,0,0,0.798,34,0.003,4,0,2,0,6.4,7.7,4.2,15
Santa Fe,30-34,20703,2020-10-23,2020-10-22,220,11649,7911,1143,2,15151,0,0,0,0.769,41,0.004,6,0.001,3,0,6.1,7.4,3.2,10
Santa Fe,35-39,19207,2020-10-23,2020-10-23,219,11034,7143,1029,12,14206,1,0.001,0.001,0.777,58,0.005,16,0.001,5,0,6,7.3,7.5,13
Santa Fe,40-44,17411,2020-10-23,2020-10-22,220,10020,6424,967,14,12891,0,0.001,0.001,0.777,78,0.008,18,0.002,12,0.001,6.1,7.4,5.5,15.8
Santa Fe,45-49,13196,2020-10-23,2020-10-23,214,7848,4672,676,29,9926,0,0.003,0.004,0.791,95,0.012,30,0.004,21,0.003,6,7.3,4.4,14.3
Santa Fe,50-54,11038,2020-10-23,2020-10-23,220,6661,3823,554,29,8310,0,0.004,0.004,0.802,129,0.019,43,0.006,19,0.003,6.4,7.5,6.2,15.8
Santa Fe,55-59,9604,2020-10-23,2020-10-23,217,5625,3443,536,56,7274,0,0.009,0.01,0.773,157,0.028,51,0.009,26,0.005,6.4,7.7,5.7,16.8
Santa Fe,60-64,7122,2020-10-23,2020-10-22,216,4111,2600,411,101,5607,0,0.022,0.025,0.733,222,0.054,82,0.02,44,0.011,6.8,7.6,6.2,16.7
Santa Fe,65-69,5386,2020-10-23,2020-10-23,214,3000,2072,314,129,4323,0,0.039,0.043,0.694,241,0.08,90,0.03,61,0.02,6.5,7.4,6.2,15.1
Santa Fe,70-74,4100,2020-10-23,2020-10-23,214,2167,1704,229,113,3367,0,0.047,0.052,0.644,239,0.11,71,0.033,43,0.02,6.7,7,5.5,13.1
Santa Fe,75-79,3085,2020-10-23,2020-10-20,213,1491,1447,147,135,2552,0,0.082,0.091,0.584,216,0.145,63,0.042,36,0.024,6,6.4,5.2,13.3
Santa Fe,80+,6429,2020-10-23,2020-10-23,214,2867,3210,352,428,5198,0,0.133,0.149,0.552,552,0.193,91,0.032,46,0.016,5.3,5.1,4.7,10.6
Santa Fe,NA,28,2020-10-19,2020-10-18,15,8,14,6,0,18,0,0,0,0.444,0,0,0,0,0,0,1,6,NA,NA
Santiago del Estero,0,145,2020-10-23,2020-10-19,70,21,110,14,1,107,0,0.029,0.048,0.196,1,0.048,0,0,0,0,2.8,3.1,NA,NA
Santiago del Estero,1-9,1311,2020-10-23,2020-10-22,148,175,1068,67,1,1085,1,0.004,0.006,0.161,2,0.011,1,0.006,1,0.006,2.8,4.1,4,6
Santiago del Estero,10-14,590,2020-10-23,2020-10-20,125,148,424,18,0,503,0,0,0,0.294,0,0,0,0,0,0,2.2,3.2,NA,NA
Santiago del Estero,15-19,1273,2020-10-23,2020-10-22,156,272,918,83,0,1153,0,0,0,0.236,1,0.004,0,0,0,0,3.4,3.9,NA,NA
Santiago del Estero,20-24,3544,2020-10-23,2020-10-21,173,728,2571,244,0,3196,1,0,0,0.228,1,0.001,0,0,0,0,3.5,2.9,NA,NA
Santiago del Estero,25-29,4252,2020-10-23,2020-10-22,176,1009,2932,311,0,3828,0,0,0,0.264,2,0.002,2,0.002,1,0.001,3.7,3,8,NA
Santiago del Estero,30-34,3896,2020-10-23,2020-10-22,178,1020,2631,244,1,3524,1,0.001,0.001,0.289,6,0.006,2,0.002,2,0.002,3.6,3.1,5.5,5
Santiago del Estero,35-39,3849,2020-10-23,2020-10-22,180,963,2602,284,3,3433,0,0.002,0.003,0.281,4,0.004,0,0,0,0,3.8,3.2,NA,10
Santiago del Estero,40-44,3561,2020-10-23,2020-10-22,173,908,2357,296,4,3173,0,0.003,0.004,0.286,9,0.01,1,0.001,0,0,3.7,2.4,NA,25.8
Santiago del Estero,45-49,2514,2020-10-23,2020-10-22,175,670,1624,220,5,2230,0,0.006,0.007,0.3,5,0.007,0,0,0,0,4.5,4.4,NA,8
Santiago del Estero,50-54,1877,2020-10-23,2020-10-21,163,484,1229,164,5,1661,0,0.008,0.01,0.291,8,0.017,0,0,0,0,3.9,4,NA,7
Santiago del Estero,55-59,1525,2020-10-23,2020-10-22,162,420,998,107,6,1373,0,0.011,0.014,0.306,9,0.021,1,0.002,1,0.002,3.4,3.6,3,10.6
Santiago del Estero,60-64,1056,2020-10-23,2020-10-22,155,319,656,81,16,945,0,0.04,0.05,0.338,22,0.069,2,0.006,0,0,3.3,3.7,2,9
Santiago del Estero,65-69,748,2020-10-23,2020-10-21,139,263,446,39,13,693,0,0.043,0.049,0.38,14,0.053,0,0,0,0,3.9,5,NA,17.5
Santiago del Estero,70-74,507,2020-10-23,2020-10-22,117,166,322,19,11,480,0,0.059,0.066,0.346,13,0.078,2,0.012,0,0,3,4.5,2,9
Santiago del Estero,75-79,369,2020-10-23,2020-10-21,101,117,229,23,10,341,0,0.071,0.085,0.343,14,0.12,0,0,0,0,2.8,4.5,NA,17
Santiago del Estero,80+,446,2020-10-22,2020-10-20,116,126,302,18,24,417,0,0.167,0.19,0.302,20,0.159,0,0,0,0,2.9,3.8,NA,3.8
Santiago del Estero,NA,481,2020-10-23,2020-10-20,127,1,470,10,0,468,0,0,0,0.002,0,0,0,0,0,0,2,3,NA,NA
Tierra del Fuego,0,107,2020-10-20,2020-10-17,46,43,51,13,0,69,0,0,0,0.623,0,0,0,0,0,0,5.1,15.4,NA,NA
Tierra del Fuego,1-9,735,2020-10-23,2020-10-20,139,367,322,46,0,418,0,0,0,0.878,1,0.003,0,0,0,0,4.7,15.9,NA,NA
Tierra del Fuego,10-14,446,2020-10-23,2020-10-21,96,282,145,19,1,253,0,0.003,0.004,1.115,1,0.004,0,0,0,0,3.9,14.4,NA,NA
Tierra del Fuego,15-19,725,2020-10-23,2020-10-19,135,402,273,50,0,483,0,0,0,0.832,0,0,0,0,0,0,6,12.9,NA,NA
Tierra del Fuego,20-24,1540,2020-10-23,2020-10-18,162,749,659,132,1,1163,0,0.001,0.001,0.644,2,0.003,1,0.001,0,0,7.9,10.3,0,6
Tierra del Fuego,25-29,2596,2020-10-23,2020-10-21,177,1222,1123,251,0,2095,0,0,0,0.583,1,0.001,0,0,0,0,6.4,7.6,NA,NA
Tierra del Fuego,30-34,3074,2020-10-23,2020-10-19,189,1407,1412,255,1,2584,0,0.001,0.001,0.545,8,0.006,0,0,0,0,7.2,7.7,NA,21
Tierra del Fuego,35-39,2741,2020-10-23,2020-10-21,174,1282,1259,200,2,2328,0,0.001,0.002,0.551,5,0.004,1,0.001,0,0,8.7,6.7,15,14
Tierra del Fuego,40-44,2274,2020-10-23,2020-10-21,172,1061,1055,158,2,1918,0,0.002,0.002,0.553,8,0.008,1,0.001,1,0.001,7.2,8,37,44
Tierra del Fuego,45-49,1578,2020-10-23,2020-10-17,168,728,725,125,1,1335,0,0.001,0.001,0.545,12,0.016,2,0.003,1,0.001,6.7,7.8,18,24
Tierra del Fuego,50-54,1224,2020-10-23,2020-10-20,159,580,549,95,6,1019,0,0.009,0.01,0.569,16,0.028,6,0.01,6,0.01,7,7.9,11.3,18.3
Tierra del Fuego,55-59,1120,2020-10-23,2020-10-20,160,539,495,85,14,929,1,0.022,0.026,0.58,25,0.046,13,0.024,13,0.024,6.9,7.4,13.2,25.5
Tierra del Fuego,60-64,653,2020-10-23,2020-10-17,141,319,283,51,12,552,0,0.032,0.038,0.578,19,0.06,9,0.028,8,0.025,6.5,7.9,7.3,14.5
Tierra del Fuego,65-69,417,2020-10-22,2020-10-17,123,212,166,39,15,352,0,0.06,0.071,0.602,19,0.09,10,0.047,10,0.047,6.9,7.4,8,13.5
Tierra del Fuego,70-74,218,2020-10-23,2020-10-17,90,106,97,15,23,191,0,0.19,0.217,0.555,23,0.217,11,0.104,8,0.075,9.4,6.5,7.8,15.4
Tierra del Fuego,75-79,155,2020-10-22,2020-10-12,75,76,69,10,15,130,0,0.174,0.197,0.585,15,0.197,6,0.079,5,0.066,10.4,8.1,9.3,14.8
Tierra del Fuego,80+,191,2020-10-23,2020-10-19,96,78,96,17,24,171,0,0.253,0.308,0.456,23,0.295,2,0.026,1,0.013,6,5.5,8.5,9.8
Tierra del Fuego,NA,13,NA,NA,0,13,0,0,0,0,0,0,0,Inf,0,0,0,0,0,0,NA,NA,NA,NA
Tucumán,0,505,2020-10-22,2020-10-22,111,116,136,253,2,247,0,0.005,0.017,0.47,10,0.086,4,0.034,0,0,11.4,2.7,0.2,8
Tucumán,1-9,2653,2020-10-23,2020-10-22,196,661,856,1135,1,1458,1,0.001,0.002,0.453,24,0.036,3,0.005,1,0.002,8.7,3,4,5
Tucumán,10-14,1159,2020-10-23,2020-10-17,158,411,353,395,0,705,0,0,0,0.583,11,0.027,0,0,0,0,8.5,3.9,NA,NA
Tucumán,15-19,3062,2020-10-23,2020-10-23,191,1409,787,866,1,1863,0,0,0.001,0.756,20,0.014,1,0.001,0,0,9.4,4.2,1,6
Tucumán,20-24,7566,2020-10-23,2020-10-22,209,3757,2035,1773,2,4859,1,0,0.001,0.773,23,0.006,4,0.001,1,0,10.1,4.6,5.5,14.5
Tucumán,25-29,10611,2020-10-23,2020-10-23,212,5317,2741,2552,4,6769,1,0.001,0.001,0.785,16,0.003,2,0,1,0,10.4,4.5,5,10.2
Tucumán,30-34,10763,2020-10-23,2020-10-22,211,5366,2850,2545,6,6948,2,0.001,0.001,0.772,20,0.004,6,0.001,1,0,9.8,4.3,6.2,16.8
Tucumán,35-39,10003,2020-10-23,2020-10-22,210,4924,2610,2469,16,6339,0,0.002,0.003,0.777,25,0.005,1,0,0,0,9.8,4.1,17,10.9
Tucumán,40-44,9969,2020-10-23,2020-10-22,208,4883,2625,2461,16,6372,0,0.002,0.003,0.766,26,0.005,2,0,0,0,10.2,4.6,2,11.9
Tucumán,45-49,7265,2020-10-23,2020-10-22,210,3767,1836,1661,22,4784,1,0.004,0.006,0.787,29,0.008,3,0.001,1,0,9.6,4.5,3.3,13.8
Tucumán,50-54,5708,2020-10-23,2020-10-22,209,2910,1552,1246,31,3799,0,0.007,0.011,0.766,26,0.009,5,0.002,2,0.001,9.9,4.6,4.4,14.3
Tucumán,55-59,4642,2020-10-23,2020-10-22,207,2440,1143,1059,56,3015,0,0.016,0.023,0.809,32,0.013,11,0.005,5,0.002,10.6,4.5,4.7,11.2
Tucumán,60-64,3615,2020-10-23,2020-10-22,206,2074,797,744,97,2367,0,0.034,0.047,0.876,35,0.017,14,0.007,10,0.005,10.4,4.9,6.3,12.4
Tucumán,65-69,2564,2020-10-23,2020-10-22,194,1478,508,578,91,1627,0,0.044,0.062,0.908,34,0.023,5,0.003,1,0.001,9.2,4.9,5.5,10.3
Tucumán,70-74,1558,2020-10-23,2020-10-22,177,935,313,310,82,988,0,0.066,0.088,0.946,14,0.015,6,0.006,3,0.003,8.2,5.1,5.8,10
Tucumán,75-79,951,2020-10-23,2020-10-23,159,545,225,180,70,646,1,0.097,0.128,0.844,9,0.017,5,0.009,3,0.006,8.1,5.4,4,10.2
Tucumán,80+,1108,2020-10-23,2020-10-22,164,602,296,210,98,767,0,0.121,0.163,0.785,9,0.015,2,0.003,1,0.002,7.4,5.1,6,9.1
Tucumán,NA,32,2020-10-13,2020-10-14,16,8,10,14,0,18,0,0,0,0.444,0,0,0,0,0,0,5,5,NA,NA
