residencia_provincia_nombre,residencia_departamento_nombre,n,max_fecha_diagnostico,max_fecha_inicio_sintomas,count_fecha_diagnostico,confirmados,descartados,sospechosos,fallecidos,tests,sin.clasificar,letalidad.min.porc,letalidad.max.porc,positividad.porc,internados,internados.porc,cuidado.intensivo,cuidado.intensivo.porc,respirador,respirador.porc,dias.diagnostico,dias.apertura,dias.cuidado.intensivo,dias.fallecimiento
Buenos Aires,25 de Mayo,1000,2020-10-19,2020-10-16,141,321,615,64,13,896,0,0.034,0.04,0.358,11,0.034,3,0.009,1,0.003,5.4,3.3,1,14.2
Buenos Aires,9 de Julio,1459,2020-10-19,2020-10-18,162,595,789,75,35,1202,0,0.052,0.059,0.495,13,0.022,3,0.005,2,0.003,6.5,3.5,3,13.7
Buenos Aires,Adolfo Alsina,85,2020-10-14,2020-10-14,56,11,61,13,0,71,0,0,0,0.155,0,0,0,0,0,0,3.8,5.3,NA,NA
Buenos Aires,Adolfo Gonzales Chaves,171,2020-10-14,2020-10-16,70,34,101,36,1,132,0,0.014,0.029,0.258,5,0.147,1,0.029,0,0,5.2,4.9,6,1
Buenos Aires,Alberti,390,2020-10-19,2020-10-18,125,80,274,36,2,346,0,0.017,0.025,0.231,4,0.05,1,0.013,0,0,7.5,3.1,1,15.5
Buenos Aires,Almirante Brown,45988,2020-10-19,2020-10-19,217,19827,22977,3184,762,41393,0,0.033,0.038,0.479,1302,0.066,187,0.009,89,0.004,7.2,4.3,8.2,16.9
Buenos Aires,Arrecifes,1209,2020-10-19,2020-10-15,141,707,440,62,11,1039,0,0.014,0.016,0.68,45,0.064,5,0.007,1,0.001,11.2,4.6,6,19.1
Buenos Aires,Avellaneda,37746,2020-10-19,2020-10-19,216,16317,18446,2983,572,32613,0,0.03,0.035,0.5,1265,0.078,210,0.013,100,0.006,5.5,4.1,5.9,17.8
Buenos Aires,Ayacucho,891,2020-10-19,2020-10-16,143,149,697,45,4,820,0,0.021,0.027,0.182,12,0.081,1,0.007,0,0,4.5,3,1,11.7
Buenos Aires,Azul,2889,2020-10-19,2020-10-17,174,1316,1471,101,35,2713,1,0.025,0.027,0.485,58,0.044,4,0.003,1,0.001,6,4.7,5.5,10.9
Buenos Aires,Bahía Blanca,11719,2020-10-19,2020-10-19,213,5125,5022,1570,128,8825,2,0.019,0.025,0.581,327,0.064,24,0.005,20,0.004,5.1,5.8,7.3,13.4
Buenos Aires,Balcarce,2126,2020-10-19,2020-10-18,163,704,1356,66,12,2003,0,0.016,0.017,0.351,20,0.028,7,0.01,1,0.001,5.4,2.6,2.4,7.9
Buenos Aires,Baradero,1828,2020-10-19,2020-10-17,161,809,844,175,32,1598,0,0.033,0.04,0.506,30,0.037,4,0.005,0,0,8,3.4,2.5,18.8
Buenos Aires,Benito Juárez,566,2020-10-19,2020-10-17,106,211,321,34,3,529,0,0.012,0.014,0.399,10,0.047,1,0.005,0,0,6.7,3.5,0,34
Buenos Aires,Berazategui,26258,2020-10-19,2020-10-19,213,11781,12769,1708,403,22980,0,0.03,0.034,0.513,930,0.079,139,0.012,63,0.005,6,3.5,6.2,14.5
Buenos Aires,Berisso,6736,2020-10-19,2020-10-18,197,2489,3911,336,88,6094,0,0.031,0.035,0.408,200,0.08,50,0.02,9,0.004,5.8,3.2,3.6,16.6
Buenos Aires,Bolívar,1499,2020-10-18,2020-10-17,160,152,1285,62,1,1427,0,0.005,0.007,0.107,6,0.039,1,0.007,0,0,3,2.4,1,58
Buenos Aires,Bragado,2401,2020-10-17,2020-10-17,159,1153,1084,164,62,2094,0,0.047,0.054,0.551,35,0.03,3,0.003,1,0.001,5.9,4.4,8.3,13.7
Buenos Aires,Brandsen,1589,2020-10-19,2020-10-19,172,581,934,74,14,1380,0,0.021,0.024,0.421,161,0.277,5,0.009,1,0.002,4.5,3.3,4.4,21.3
Buenos Aires,Campana,7250,2020-10-19,2020-10-18,205,3194,3501,555,74,5916,0,0.02,0.023,0.54,148,0.046,56,0.018,12,0.004,5.8,3.5,5.7,20.1
Buenos Aires,Capitán Sarmiento,1077,2020-10-19,2020-10-13,139,513,490,74,9,969,0,0.015,0.018,0.529,10,0.019,3,0.006,2,0.004,7.4,2.9,5,12.7
Buenos Aires,Carlos Casares,765,2020-10-19,2020-10-13,138,165,521,79,2,669,0,0.008,0.012,0.247,4,0.024,1,0.006,1,0.006,17.1,4,NA,13
Buenos Aires,Carlos Tejedor,248,2020-10-17,2020-10-18,87,67,165,16,1,224,0,0.012,0.015,0.299,4,0.06,1,0.015,0,0,7.5,3.9,0,10
Buenos Aires,Carmen de Areco,661,2020-10-19,2020-10-15,125,145,487,29,3,621,0,0.017,0.021,0.233,7,0.048,1,0.007,1,0.007,4.9,3.2,5,8.3
Buenos Aires,Castelli,426,2020-10-19,2020-10-17,84,208,185,33,2,322,0,0.008,0.01,0.646,12,0.058,2,0.01,0,0,5.9,4.5,2,8.5
Buenos Aires,Cañuelas,4250,2020-10-19,2020-10-18,190,1679,2465,106,41,4077,0,0.023,0.024,0.412,107,0.064,9,0.005,5,0.003,5.7,3.3,7.2,14.7
Buenos Aires,Chacabuco,2075,2020-10-19,2020-10-18,174,498,1449,128,7,1829,0,0.011,0.014,0.272,10,0.02,4,0.008,2,0.004,4.1,2.4,6.8,10.7
Buenos Aires,Chascomús,2074,2020-10-19,2020-10-16,158,870,1126,78,20,1886,0,0.021,0.023,0.461,29,0.033,10,0.011,3,0.003,7.4,5,7.5,10.9
Buenos Aires,Chivilcoy,3846,2020-10-17,2020-10-19,190,1167,2406,273,35,3354,0,0.024,0.03,0.348,28,0.024,7,0.006,4,0.003,3,2,5.7,11
Buenos Aires,Colón,1132,2020-10-18,2020-10-17,121,657,405,70,26,1016,0,0.036,0.04,0.647,48,0.073,8,0.012,6,0.009,8.5,5.1,5.6,11.8
Buenos Aires,Coronel Dorrego,224,2020-10-16,2020-10-16,85,48,137,39,0,178,0,0,0,0.27,1,0.021,0,0,0,0,3.8,3.2,NA,NA
Buenos Aires,Coronel Pringles,850,2020-10-17,2020-10-18,106,317,370,163,12,648,0,0.025,0.038,0.489,6,0.019,2,0.006,0,0,4.2,2.7,2,12.2
Buenos Aires,Coronel Suárez,1318,2020-10-16,2020-10-18,121,402,646,270,2,974,0,0.003,0.005,0.413,9,0.022,1,0.002,0,0,4.3,2,3,8
Buenos Aires,Coronel de Marina L. Rosales,1879,2020-10-19,2020-10-17,163,862,710,307,37,1375,0,0.032,0.043,0.627,73,0.085,6,0.007,5,0.006,6.5,5.5,2.7,13.6
Buenos Aires,Daireaux,243,2020-10-17,2020-10-17,101,26,210,7,0,224,0,0,0,0.116,2,0.077,0,0,0,0,4.9,3.2,NA,NA
Buenos Aires,Dolores,1761,2020-10-19,2020-10-16,131,889,788,84,19,1537,0,0.02,0.021,0.578,26,0.029,15,0.017,8,0.009,6.4,4.8,9.1,17.6
Buenos Aires,Ensenada,5106,2020-10-19,2020-10-19,196,1700,3197,209,35,4512,0,0.018,0.021,0.377,62,0.036,13,0.008,6,0.004,6.7,3.4,5.8,22.2
Buenos Aires,Escobar,19090,2020-10-19,2020-10-19,214,7631,10428,1031,252,17404,0,0.029,0.033,0.438,603,0.079,72,0.009,38,0.005,5.8,3.7,8,22.9
Buenos Aires,Esteban Echeverría,28431,2020-10-19,2020-10-19,219,13183,13961,1287,385,24749,0,0.027,0.029,0.533,641,0.049,93,0.007,36,0.003,6.7,4.9,7.2,17.2
Buenos Aires,Exaltación de la Cruz,2319,2020-10-19,2020-10-17,182,799,1418,102,18,2089,0,0.02,0.023,0.382,42,0.053,8,0.01,6,0.008,5.6,3.7,4.8,18.2
Buenos Aires,Ezeiza,14319,2020-10-19,2020-10-18,209,5956,7574,789,151,12873,0,0.022,0.025,0.463,302,0.051,50,0.008,31,0.005,6.6,4.4,6.7,16.2
Buenos Aires,Florencio Varela,31414,2020-10-19,2020-10-19,212,13635,15560,2218,424,28031,1,0.027,0.031,0.486,1043,0.076,191,0.014,92,0.007,7,4.5,7.2,17.2
Buenos Aires,Florentino Ameghino,136,2020-10-18,2020-10-18,72,8,123,5,0,125,0,0,0,0.064,0,0,0,0,0,0,3.4,2,NA,NA
Buenos Aires,General Alvarado,1270,2020-10-19,2020-10-17,149,606,637,27,21,1149,0,0.033,0.035,0.527,18,0.03,10,0.017,3,0.005,7,3.3,4.1,15.2
Buenos Aires,General Alvear,686,2020-10-18,2020-10-18,97,301,339,46,6,626,0,0.017,0.02,0.481,4,0.013,2,0.007,2,0.007,3.5,3.5,3.5,14
Buenos Aires,General Arenales,513,2020-10-19,2020-10-19,88,260,217,36,3,364,0,0.01,0.012,0.714,7,0.027,2,0.008,1,0.004,5.7,2.8,0,4.7
Buenos Aires,General Belgrano,784,2020-10-18,2020-10-18,136,432,309,43,7,577,0,0.015,0.016,0.749,8,0.019,2,0.005,1,0.002,4,3.5,8.5,11.7
Buenos Aires,General Guido,83,2020-10-19,2020-10-06,34,25,21,37,1,46,0,0.016,0.04,0.543,1,0.04,0,0,0,0,4.4,3.5,NA,8
Buenos Aires,General Juan Madariaga,1214,2020-10-19,2020-10-18,121,653,555,6,14,1046,0,0.021,0.021,0.624,27,0.041,8,0.012,7,0.011,4.7,3.6,9.6,18.9
Buenos Aires,General La Madrid,354,2020-10-18,2020-10-16,129,16,331,7,0,347,0,0,0,0.046,3,0.188,1,0.062,0,0,3.7,1.5,2,NA
Buenos Aires,General Las Heras,1286,2020-10-19,2020-10-15,149,511,759,16,10,1255,0,0.019,0.02,0.407,12,0.023,2,0.004,1,0.002,4.9,1.6,2,10.8
Buenos Aires,General Lavalle,74,2020-10-19,2020-10-17,43,19,47,8,1,61,0,0.037,0.053,0.311,1,0.053,0,0,0,0,5,2,NA,NA
Buenos Aires,General Paz,495,2020-10-19,2020-10-16,118,209,254,32,5,390,0,0.021,0.024,0.536,11,0.053,1,0.005,1,0.005,5,4.5,1,8.2
Buenos Aires,General Pinto,301,2020-10-18,2020-10-19,88,71,209,21,0,278,0,0,0,0.255,1,0.014,0,0,0,0,4.1,2,NA,NA
Buenos Aires,General Pueyrredón,35947,2020-10-19,2020-10-19,212,18890,15958,1099,677,32461,0,0.034,0.036,0.582,948,0.05,134,0.007,68,0.004,6.2,4,6.2,12.2
Buenos Aires,General Rodríguez,8882,2020-10-19,2020-10-19,203,3836,4645,401,56,8007,0,0.013,0.015,0.479,150,0.039,18,0.005,11,0.003,5.9,3.7,5.3,17.3
Buenos Aires,General San Martín,41268,2020-10-19,2020-10-19,221,18175,19640,3452,683,35719,1,0.032,0.038,0.509,1473,0.081,239,0.013,96,0.005,5.8,4.1,4.6,17.2
Buenos Aires,General Viamonte,1121,2020-10-18,2020-10-18,114,535,567,19,20,997,0,0.036,0.037,0.537,37,0.069,3,0.006,2,0.004,4.4,2.7,8.3,13.3
Buenos Aires,General Villegas,337,2020-10-19,2020-10-18,79,114,162,61,1,265,0,0.006,0.009,0.43,7,0.061,3,0.026,2,0.018,7.6,4.7,5,NA
Buenos Aires,Guaminí,113,2020-10-17,2020-09-29,62,30,74,9,0,95,0,0,0,0.316,1,0.033,0,0,0,0,2.2,1.4,NA,NA
Buenos Aires,Hipólito Yrigoyen,304,2020-10-19,2020-10-18,105,60,240,4,6,294,0,0.094,0.1,0.204,7,0.117,2,0.033,2,0.033,4.3,1,7,29.2
Buenos Aires,Hurlingham,13659,2020-10-19,2020-10-19,209,5595,7075,989,208,12102,0,0.032,0.037,0.462,306,0.055,52,0.009,18,0.003,6.4,4,5.3,16.8
Buenos Aires,Ituzaingó,13795,2020-10-19,2020-10-19,213,5487,7668,639,253,12507,1,0.041,0.046,0.439,391,0.071,78,0.014,39,0.007,5.6,3.8,5.3,16.6
Buenos Aires,José C. Paz,22902,2020-10-19,2020-10-19,209,9563,10893,2446,271,19106,0,0.023,0.028,0.501,488,0.051,79,0.008,43,0.004,6.5,4.2,6.4,17.2
Buenos Aires,Junín,5582,2020-10-19,2020-10-18,197,2325,3052,205,54,4971,0,0.021,0.023,0.468,191,0.082,10,0.004,2,0.001,4.8,3.4,4.7,13.2
Buenos Aires,La Costa,1843,2020-10-19,2020-10-18,174,435,1346,62,20,1726,0,0.04,0.046,0.252,48,0.11,9,0.021,6,0.014,5.1,3.2,4.2,7.4
Buenos Aires,La Matanza,126385,2020-10-19,2020-10-19,223,57734,60015,8630,1869,111883,6,0.028,0.032,0.516,4330,0.075,543,0.009,307,0.005,5.8,4,7.1,17.2
Buenos Aires,La Plata,47430,2020-10-19,2020-10-19,218,18137,27599,1690,601,43957,4,0.03,0.033,0.413,1341,0.074,307,0.017,128,0.007,5.6,3.6,4.4,16.7
Buenos Aires,Lanús,42669,2020-10-19,2020-10-19,220,18988,20740,2941,634,36761,0,0.029,0.033,0.517,1593,0.084,219,0.012,107,0.006,6.5,4.5,5.7,15.9
Buenos Aires,Laprida,1199,2020-10-19,2020-10-18,98,625,541,33,6,1141,0,0.009,0.01,0.548,27,0.043,13,0.021,4,0.006,7.6,3.1,4.2,23
Buenos Aires,Las Flores,889,2020-10-19,2020-10-13,144,278,544,67,6,760,0,0.017,0.022,0.366,26,0.094,6,0.022,2,0.007,5.6,2,4.5,13.2
Buenos Aires,Leandro N. Alem,451,2020-10-18,2020-10-18,119,186,245,20,9,406,0,0.044,0.048,0.458,29,0.156,6,0.032,3,0.016,4.7,3.2,7.4,14.2
Buenos Aires,Lezama,152,2020-10-16,2020-10-15,51,137,11,4,4,125,0,0.028,0.029,1.096,11,0.08,1,0.007,0,0,5.9,3.3,2,5.5
Buenos Aires,Lincoln,651,2020-10-18,2020-10-18,161,48,573,30,2,598,0,0.026,0.042,0.08,4,0.083,0,0,0,0,5,5,NA,4.5
Buenos Aires,Lobería,511,2020-10-19,2020-10-18,123,215,288,8,1,424,0,0.004,0.005,0.507,10,0.047,1,0.005,1,0.005,5.2,3.4,6,24
Buenos Aires,Lobos,1665,2020-10-19,2020-10-17,139,874,670,121,23,1517,0,0.023,0.026,0.576,53,0.061,8,0.009,6,0.007,6,4.5,8.4,15.7
Buenos Aires,Lomas de Zamora,49439,2020-10-19,2020-10-19,220,20232,25776,3431,500,43924,0,0.021,0.025,0.461,1531,0.076,201,0.01,58,0.003,6.2,4,4.8,17.1
Buenos Aires,Luján,9236,2020-10-19,2020-10-19,206,3757,5194,285,113,8555,0,0.028,0.03,0.439,222,0.059,50,0.013,12,0.003,5.6,3,4.1,16.2
Buenos Aires,Magdalena,1060,2020-10-19,2020-10-18,125,433,575,52,10,923,0,0.021,0.023,0.469,30,0.069,3,0.007,1,0.002,6.1,4,2.3,21.4
Buenos Aires,Maipú,422,2020-10-18,2020-10-15,81,157,248,17,4,397,0,0.023,0.025,0.395,6,0.038,1,0.006,0,0,5.2,2.4,8,5
Buenos Aires,Malvinas Argentinas,31247,2020-10-19,2020-10-18,212,11843,14092,5311,402,25129,1,0.023,0.034,0.471,964,0.081,143,0.012,101,0.009,5.5,3.7,7.4,15.6
Buenos Aires,Mar Chiquita,1427,2020-10-19,2020-10-18,146,629,761,37,17,1300,0,0.026,0.027,0.484,44,0.07,4,0.006,3,0.005,6,4.1,7,14.2
Buenos Aires,Marcos Paz,4408,2020-10-19,2020-10-19,191,1967,2307,134,53,4074,0,0.025,0.027,0.483,93,0.047,16,0.008,7,0.004,6.7,3.9,8.1,13.3
Buenos Aires,Mercedes,4827,2020-10-19,2020-10-18,175,1587,3155,85,24,4706,0,0.014,0.015,0.337,16,0.01,4,0.003,1,0.001,7,3,5.8,16.3
Buenos Aires,Merlo,39039,2020-10-19,2020-10-19,213,16712,20141,2186,556,35423,0,0.029,0.033,0.472,995,0.06,148,0.009,72,0.004,6.4,3.9,7,17.2
Buenos Aires,Monte,752,2020-10-18,2020-10-18,141,284,436,32,14,690,0,0.044,0.049,0.412,34,0.12,17,0.06,1,0.004,5,3.2,4.2,12.1
Buenos Aires,Monte Hermoso,130,2020-10-15,2020-10-12,73,21,96,13,0,114,0,0,0,0.184,1,0.048,0,0,0,0,5.9,5.6,NA,NA
Buenos Aires,Moreno,38760,2020-10-19,2020-10-19,218,16794,19629,2336,448,34461,1,0.023,0.027,0.487,873,0.052,104,0.006,51,0.003,6.1,4.4,7.6,15.8
Buenos Aires,Morón,27423,2020-10-19,2020-10-18,218,10979,14851,1592,468,24403,1,0.037,0.043,0.45,773,0.07,118,0.011,41,0.004,5.8,4.4,4.9,17.6
Buenos Aires,Navarro,807,2020-10-19,2020-10-13,104,435,335,37,9,735,0,0.019,0.021,0.592,5,0.011,3,0.007,0,0,10.4,4.6,1.3,6.9
Buenos Aires,Necochea,1808,2020-10-19,2020-10-18,164,473,1275,60,6,1700,0,0.011,0.013,0.278,37,0.078,1,0.002,0,0,5.3,3.9,40,18.6
Buenos Aires,Olavarría,6015,2020-10-19,2020-10-18,181,2317,3394,304,50,5568,0,0.019,0.022,0.416,137,0.059,14,0.006,1,0,8.4,7.7,5.9,10.9
Buenos Aires,Patagones,1511,2020-10-19,2020-10-17,137,454,688,369,11,1040,0,0.013,0.024,0.437,32,0.07,4,0.009,1,0.002,5.4,6.3,5.2,12.5
Buenos Aires,Pehuajó,1243,2020-10-19,2020-10-17,134,488,694,61,11,970,0,0.02,0.023,0.503,2,0.004,1,0.002,0,0,5.9,5.8,22,12.1
Buenos Aires,Pellegrini,310,2020-10-13,2020-10-16,55,98,184,28,9,277,0,0.071,0.092,0.354,13,0.133,0,0,0,0,5.8,4.5,NA,10.9
Buenos Aires,Pergamino,3881,2020-10-19,2020-10-19,163,1946,1679,256,27,3223,0,0.012,0.014,0.604,102,0.052,21,0.011,9,0.005,7,5.6,10.6,13.7
Buenos Aires,Pila,239,2020-10-19,2020-10-15,68,96,105,38,2,198,0,0.015,0.021,0.485,2,0.021,1,0.01,0,0,6.9,3.3,10,11
Buenos Aires,Pilar,37537,2020-10-19,2020-10-19,217,10861,21866,4809,215,30699,1,0.014,0.02,0.354,717,0.066,104,0.01,50,0.005,5.9,4.4,5.5,18.5
Buenos Aires,Pinamar,2239,2020-10-18,2020-10-18,138,1207,940,92,20,1880,0,0.015,0.017,0.642,46,0.038,7,0.006,6,0.005,5.5,3.4,6,12.9
Buenos Aires,Presidente Perón,5949,2020-10-19,2020-10-18,194,2643,2936,369,52,5242,1,0.017,0.02,0.504,216,0.082,36,0.014,19,0.007,7.3,4.5,6.1,18
Buenos Aires,Punta Indio,225,2020-10-18,2020-10-17,107,49,161,15,0,203,0,0,0,0.241,4,0.082,2,0.041,1,0.02,5.5,3.2,3.5,NA
Buenos Aires,Puán,194,2020-10-19,2020-10-16,84,43,106,45,2,140,0,0.023,0.047,0.307,4,0.093,1,0.023,1,0.023,5,4.1,8,9
Buenos Aires,Quilmes,57899,2020-10-19,2020-10-19,220,29225,25229,3445,940,51308,0,0.029,0.032,0.57,1636,0.056,278,0.01,114,0.004,7.2,4.4,6.6,16.8
Buenos Aires,Ramallo,830,2020-10-19,2020-10-16,114,396,343,91,10,719,0,0.021,0.025,0.551,10,0.025,4,0.01,2,0.005,8.9,4.3,3.2,8.8
Buenos Aires,Rauch,223,2020-10-19,2020-10-18,76,33,169,21,1,179,0,0.019,0.03,0.184,1,0.03,1,0.03,0,0,14.5,1.2,0,2
Buenos Aires,Rivadavia,362,2020-10-17,2020-10-18,100,79,266,17,0,320,0,0,0,0.247,1,0.013,1,0.013,0,0,5.3,2.9,1,NA
Buenos Aires,Rojas,885,2020-10-19,2020-10-17,121,260,517,108,3,720,0,0.008,0.012,0.361,9,0.035,3,0.012,1,0.004,6.7,3.4,2,5.3
Buenos Aires,Roque Pérez,1055,2020-10-19,2020-10-19,118,334,658,63,5,952,0,0.013,0.015,0.351,15,0.045,1,0.003,0,0,4.8,2.6,6,16.8
Buenos Aires,SIN ESPECIFICAR,2747,2020-10-19,2020-10-18,204,965,1660,122,54,2497,0,0.05,0.056,0.386,99,0.103,20,0.021,15,0.016,6.3,4.1,9.2,18.6
Buenos Aires,Saavedra,263,2020-10-15,2020-10-17,82,126,103,34,3,134,0,0.019,0.024,0.94,8,0.063,1,0.008,1,0.008,6.9,5.2,30,21.5
Buenos Aires,Saladillo,2244,2020-10-19,2020-10-19,138,1360,783,101,19,1773,0,0.013,0.014,0.767,48,0.035,6,0.004,3,0.002,5.4,3.1,2.6,12.7
Buenos Aires,Salliqueló,95,2020-10-17,2020-10-16,42,11,57,27,0,66,0,0,0,0.167,0,0,0,0,0,0,6.1,4.1,NA,NA
Buenos Aires,Salto,1603,2020-10-19,2020-10-18,130,799,677,127,13,1399,0,0.014,0.016,0.571,74,0.093,4,0.005,0,0,7.3,4.6,7.2,17.5
Buenos Aires,San Andrés de Giles,911,2020-10-19,2020-10-19,148,207,663,41,6,854,0,0.024,0.029,0.242,19,0.092,8,0.039,6,0.029,4,2.6,4.5,14.2
Buenos Aires,San Antonio de Areco,971,2020-10-16,2020-10-16,141,356,538,77,5,842,0,0.012,0.014,0.423,15,0.042,2,0.006,2,0.006,2.5,3,4,12
Buenos Aires,San Cayetano,333,2020-10-19,2020-10-17,89,135,181,17,0,308,0,0,0,0.438,3,0.022,0,0,0,0,3.9,3,NA,NA
Buenos Aires,San Fernando,15151,2020-10-19,2020-10-19,218,6707,7810,633,280,14003,1,0.038,0.042,0.479,739,0.11,99,0.015,45,0.007,5.7,3.8,5,16.5
Buenos Aires,San Isidro,32816,2020-10-19,2020-10-18,222,11349,20197,1270,394,30523,0,0.031,0.035,0.372,841,0.074,145,0.013,68,0.006,5.3,4,5.8,17.1
Buenos Aires,San Miguel,27796,2020-10-19,2020-10-19,216,11243,14315,2238,345,24514,0,0.026,0.031,0.459,717,0.064,126,0.011,42,0.004,6.8,4.7,6.2,16.2
Buenos Aires,San Nicolás,6013,2020-10-19,2020-10-19,176,3434,1753,826,93,4692,0,0.022,0.027,0.732,84,0.024,25,0.007,16,0.005,8.7,4.9,8,13.3
Buenos Aires,San Pedro,3380,2020-10-19,2020-10-17,165,1390,1583,407,41,2928,0,0.023,0.029,0.475,95,0.068,21,0.015,6,0.004,8.1,4.5,6,16.1
Buenos Aires,San Vicente,5052,2020-10-19,2020-10-19,202,2110,2697,245,66,4646,0,0.028,0.031,0.454,127,0.06,29,0.014,18,0.009,7.1,4.2,9.6,13.8
Buenos Aires,Suipacha,617,2020-10-19,2020-10-13,109,175,388,54,3,549,0,0.013,0.017,0.319,7,0.04,1,0.006,0,0,8.6,0.7,0,10
Buenos Aires,Tandil,5910,2020-10-19,2020-10-19,177,2506,2766,637,27,4196,1,0.009,0.011,0.597,59,0.024,16,0.006,7,0.003,5.5,4.8,4.9,13.5
Buenos Aires,Tapalqué,422,2020-10-19,2020-10-19,81,252,167,3,9,397,0,0.035,0.036,0.635,25,0.099,0,0,0,0,8,5.3,NA,22.9
Buenos Aires,Tigre,35692,2020-10-19,2020-10-18,221,13196,20766,1729,373,32503,1,0.025,0.028,0.406,767,0.058,117,0.009,56,0.004,6.4,4.4,5,17
Buenos Aires,Tordillo,131,2020-10-17,2020-10-14,31,53,77,1,0,122,0,0,0,0.434,1,0.019,0,0,0,0,4.4,3.9,NA,NA
Buenos Aires,Tornquist,597,2020-10-15,2020-10-18,100,196,260,141,4,400,0,0.012,0.02,0.49,12,0.061,1,0.005,1,0.005,4.1,2.7,1,9.5
Buenos Aires,Trenque Lauquen,1387,2020-10-18,2020-10-18,132,321,941,124,13,1226,1,0.029,0.04,0.262,43,0.134,6,0.019,1,0.003,4.6,4,21,16.6
Buenos Aires,Tres Arroyos,935,2020-10-19,2020-10-17,137,176,335,424,1,504,0,0.002,0.006,0.349,15,0.085,0,0,0,0,6.1,5.2,NA,2
Buenos Aires,Tres Lomas,49,2020-10-19,2020-10-10,40,7,39,3,0,46,0,0,0,0.152,0,0,0,0,0,0,7.8,5.5,NA,NA
Buenos Aires,Tres de Febrero,33357,2020-10-19,2020-10-19,220,14073,15856,3427,530,27879,1,0.03,0.038,0.505,1144,0.081,180,0.013,94,0.007,5.6,5,6.1,16.1
Buenos Aires,Vicente López,22793,2020-10-19,2020-10-18,221,7471,13998,1324,356,20598,0,0.04,0.048,0.363,863,0.116,114,0.015,52,0.007,6.4,4.2,5.5,21.3
Buenos Aires,Villa Gesell,1106,2020-10-19,2020-10-18,139,302,787,17,4,1070,0,0.013,0.013,0.282,20,0.066,3,0.01,0,0,5.4,4.1,1,10.2
Buenos Aires,Villarino,738,2020-10-18,2020-10-15,129,315,292,131,15,588,0,0.034,0.048,0.536,23,0.073,1,0.003,1,0.003,7.5,4.2,10,12.8
Buenos Aires,Zárate,6833,2020-10-19,2020-10-19,198,2631,3958,244,77,6063,0,0.027,0.029,0.434,188,0.071,27,0.01,2,0.001,5.7,3.3,5.3,15.6
CABA,COMUNA 01,14797,2020-10-19,2020-10-18,217,6256,8324,217,131,13345,0,0.02,0.021,0.469,1011,0.162,115,0.018,72,0.012,4.6,3.7,5.4,17.7
CABA,COMUNA 02,5855,2020-10-19,2020-10-18,216,1819,3822,214,51,4993,0,0.025,0.028,0.364,239,0.131,37,0.02,20,0.011,4.5,3.2,6.8,18.9
CABA,COMUNA 03,11242,2020-10-19,2020-10-18,217,4712,6228,301,114,9991,1,0.023,0.024,0.472,583,0.124,80,0.017,35,0.007,4.2,3.6,4.9,15.6
CABA,COMUNA 04,22223,2020-10-19,2020-10-18,210,8575,13430,218,162,19994,0,0.018,0.019,0.429,1034,0.121,145,0.017,91,0.011,3.9,3.3,5.8,20.9
CABA,COMUNA 05,9148,2020-10-19,2020-10-18,215,3173,5668,307,98,7969,0,0.028,0.031,0.398,452,0.142,51,0.016,17,0.005,4.6,3.5,11.6,17.2
CABA,COMUNA 06,6888,2020-10-19,2020-10-18,212,2298,4371,219,69,5958,0,0.027,0.03,0.386,314,0.137,33,0.014,18,0.008,4.3,3.3,6.8,18.5
CABA,COMUNA 07,14902,2020-10-19,2020-10-19,218,6420,8241,241,174,13412,0,0.026,0.027,0.479,1054,0.164,118,0.018,62,0.01,4.4,3.7,6.8,17.3
CABA,COMUNA 08,16660,2020-10-19,2020-10-17,209,7571,8953,136,91,15334,0,0.012,0.012,0.494,722,0.095,77,0.01,44,0.006,4,3.6,7.8,21.4
CABA,COMUNA 09,8448,2020-10-19,2020-10-17,204,3207,5107,134,98,7529,0,0.029,0.031,0.426,346,0.108,42,0.013,20,0.006,4.3,3.5,6.2,18
CABA,COMUNA 10,6692,2020-10-19,2020-10-18,213,2407,4135,150,83,5821,0,0.032,0.034,0.414,335,0.139,41,0.017,24,0.01,4.5,3.4,6.7,13.5
CABA,COMUNA 11,6675,2020-10-19,2020-10-18,212,2225,4282,168,89,5680,0,0.037,0.04,0.392,297,0.133,33,0.015,15,0.007,4.7,3.3,5,18.2
CABA,COMUNA 12,6881,2020-10-19,2020-10-18,211,2033,4631,217,87,5943,0,0.039,0.043,0.342,320,0.157,29,0.014,19,0.009,4.5,3.2,6,15.5
CABA,COMUNA 13,8947,2020-10-19,2020-10-18,222,2472,6114,361,89,7679,0,0.031,0.036,0.322,354,0.143,39,0.016,25,0.01,4.7,3.2,5.1,14.9
CABA,COMUNA 14,9648,2020-10-19,2020-10-18,217,2941,6416,291,76,8316,0,0.024,0.026,0.354,349,0.119,39,0.013,20,0.007,4.8,3.3,6.3,16.4
CABA,COMUNA 15,9199,2020-10-19,2020-10-17,210,3314,5692,193,79,8096,0,0.023,0.024,0.409,485,0.146,40,0.012,18,0.005,4,3.2,6.7,17
CABA,SIN ESPECIFICAR,263328,2020-10-19,2020-10-19,232,80069,172288,10969,2896,221041,2,0.032,0.036,0.362,12563,0.157,1486,0.019,737,0.009,5,3.4,5.8,16.7
Catamarca,Ancasti,34,2020-10-15,2020-10-07,15,5,29,0,0,33,0,0,0,0.152,1,0.2,0,0,0,0,10,10,NA,NA
Catamarca,Andalgalá,252,2020-10-18,2020-10-09,80,14,235,3,0,248,0,0,0,0.056,0,0,0,0,0,0,2,-35,NA,NA
Catamarca,Antofagasta de la Sierra,130,2020-10-18,2020-10-12,20,11,117,1,0,128,1,0,0,0.086,0,0,0,0,0,0,1,0,NA,NA
Catamarca,Belén,733,2020-10-17,2020-10-08,98,57,676,0,0,725,0,0,0,0.079,0,0,0,0,0,0,3.6,2.8,NA,NA
Catamarca,Capayán,355,2020-10-18,2020-10-10,107,12,343,0,0,353,0,0,0,0.034,1,0.083,0,0,0,0,1,2,NA,NA
Catamarca,Capital,3903,2020-10-19,2020-10-15,181,262,3613,28,0,3836,0,0,0,0.068,4,0.015,0,0,0,0,6.9,0.6,NA,NA
Catamarca,Fray Mamerto Esquiú,220,2020-10-18,2020-09-09,88,26,193,1,0,217,0,0,0,0.12,0,0,0,0,0,0,1.2,-5.2,NA,NA
Catamarca,La Paz,208,2020-10-17,2020-10-02,72,11,193,4,0,201,0,0,0,0.055,1,0.091,0,0,0,0,3.5,-1,NA,NA
Catamarca,Paclín,51,2020-10-18,2020-10-08,32,5,46,0,0,51,0,0,0,0.098,0,0,0,0,0,0,3,4,NA,NA
Catamarca,Pomán,166,2020-10-19,2020-09-26,60,3,161,2,0,164,0,0,0,0.018,0,0,0,0,0,0,NA,NA,NA,NA
Catamarca,SIN ESPECIFICAR,58,2020-10-18,2020-10-02,25,36,22,0,0,57,0,0,0,0.632,0,0,0,0,0,0,11,11,NA,NA
Catamarca,Santa María,537,2020-10-19,2020-10-08,92,23,504,10,0,524,0,0,0,0.044,1,0.043,0,0,0,0,4.3,1.7,NA,NA
Catamarca,Santa Rosa,111,2020-10-18,2020-10-03,54,4,102,5,0,105,0,0,0,0.038,0,0,0,0,0,0,NA,NA,NA,NA
Catamarca,Tinogasta,180,2020-10-17,2020-09-04,81,2,177,1,0,176,0,0,0,0.011,0,0,0,0,0,0,NA,NA,NA,NA
Catamarca,Valle Viejo,592,2020-10-19,2020-10-05,130,20,566,6,0,582,0,0,0,0.034,0,0,0,0,0,0,3.7,1.2,NA,NA
Chaco,12 de Octubre,626,2020-10-19,2020-10-12,102,90,495,41,7,581,0,0.053,0.078,0.155,7,0.078,5,0.056,4,0.044,6.5,4.4,5.6,17
Chaco,1º de Mayo,592,2020-10-16,2020-10-14,153,69,506,17,1,571,0,0.012,0.014,0.121,7,0.101,2,0.029,0,0,4.8,4.5,0.5,21
Chaco,2 de Abril,80,2020-10-09,2020-10-08,27,13,62,5,1,74,0,0.056,0.077,0.176,1,0.077,1,0.077,1,0.077,5.2,3,7,14
Chaco,25 de Mayo,1357,2020-10-19,2020-10-12,145,159,1060,138,4,1209,0,0.013,0.025,0.132,9,0.057,3,0.019,2,0.013,7.2,5.5,3.7,10.5
Chaco,9 de Julio,197,2020-10-17,2020-10-17,83,6,182,9,1,185,0,0.067,0.167,0.032,1,0.167,0,0,0,0,2.5,1.5,NA,2
Chaco,Almirante Brown,768,2020-10-18,2020-10-16,128,110,643,15,3,746,0,0.024,0.027,0.147,13,0.118,6,0.055,3,0.027,7.5,6,8.7,14
Chaco,Bermejo,1407,2020-10-18,2020-10-14,157,62,1288,57,4,1343,0,0.034,0.065,0.046,11,0.177,9,0.145,2,0.032,6.6,4.4,12.6,22
Chaco,Chacabuco,808,2020-10-19,2020-10-16,114,191,508,109,8,695,0,0.027,0.042,0.275,11,0.058,4,0.021,1,0.005,6.3,4.4,8.2,16.8
Chaco,Comandante Fernández,5151,2020-10-19,2020-10-15,176,1497,3562,90,27,4954,2,0.017,0.018,0.302,74,0.049,54,0.036,12,0.008,4.8,4.3,5.7,11.2
Chaco,Fray Justo Santa María de Oro,157,2020-10-11,2020-10-10,45,7,119,31,1,124,0,0.026,0.143,0.056,1,0.143,0,0,0,0,NA,NA,NA,NA
Chaco,General Belgrano,78,2020-10-17,2020-10-04,40,13,64,1,0,75,0,0,0,0.173,1,0.077,0,0,0,0,3,3,NA,NA
Chaco,General Donovan,617,2020-10-19,2020-10-13,128,62,532,23,1,591,0,0.012,0.016,0.105,5,0.081,2,0.032,1,0.016,3.3,3.2,23,NA
Chaco,General Güemes,2731,2020-10-16,2020-10-15,147,393,2200,138,8,2550,0,0.015,0.02,0.154,17,0.043,10,0.025,5,0.013,5,4.2,12.8,14
Chaco,Independencia,385,2020-10-18,2020-10-11,119,71,306,8,6,373,0,0.076,0.085,0.19,9,0.127,9,0.127,3,0.042,5.1,4.1,7.1,16
Chaco,Libertad,1213,2020-10-19,2020-10-16,152,143,986,84,1,1122,0,0.004,0.007,0.127,11,0.077,1,0.007,0,0,3.8,3.6,7,35
Chaco,Libertador General San Martín,741,2020-10-17,2020-10-15,158,58,634,49,2,683,0,0.019,0.034,0.085,8,0.138,3,0.052,2,0.034,3.8,2.5,NA,3
Chaco,Maipú,1432,2020-10-16,2020-10-15,115,379,946,107,16,1319,0,0.033,0.042,0.287,36,0.095,9,0.024,5,0.013,5.9,5,7.5,10.3
Chaco,Mayor Luis J. Fontana,2315,2020-10-19,2020-10-16,148,640,1127,548,5,1676,0,0.004,0.008,0.382,14,0.022,6,0.009,2,0.003,5.6,4.2,11,15
Chaco,O'Higgins,219,2020-10-18,2020-10-15,61,35,155,29,0,181,0,0,0,0.193,2,0.057,1,0.029,0,0,4.8,4.8,2,NA
Chaco,Presidencia de la Plaza,179,2020-10-15,2020-10-05,82,23,145,11,2,166,0,0.059,0.087,0.139,1,0.043,0,0,0,0,6.9,4.7,NA,15
Chaco,Quitilipi,1312,2020-10-19,2020-10-15,119,173,835,304,1,989,0,0.002,0.006,0.175,7,0.04,3,0.017,1,0.006,5.2,1.5,3,11
Chaco,SIN ESPECIFICAR,64,2020-10-17,2020-10-17,35,8,55,1,0,62,0,0,0,0.129,0,0,0,0,0,0,7,7,NA,NA
Chaco,San Fernando,37807,2020-10-19,2020-10-18,222,7597,28205,2004,267,35531,1,0.028,0.035,0.214,748,0.098,399,0.053,211,0.028,5.1,4.4,6.1,15.1
Chaco,San Lorenzo,359,2020-10-17,2020-10-13,64,20,292,47,1,302,0,0.015,0.05,0.066,2,0.1,2,0.1,1,0.05,5.3,4.2,NA,7
Chaco,Sargento Cabral,303,2020-10-17,2020-10-08,101,10,276,17,1,285,0,0.037,0.1,0.035,2,0.2,0,0,0,0,4.5,4,NA,NA
Chaco,Tapenagá,90,2020-10-17,2020-10-13,40,17,55,18,0,71,0,0,0,0.239,0,0,0,0,0,0,5.1,6,NA,NA
Chubut,Biedma,4916,2020-10-19,2020-10-17,164,3243,1240,433,25,3620,0,0.007,0.008,0.896,22,0.007,7,0.002,3,0.001,6.3,9.9,4.6,8.9
Chubut,Cushamen,178,2020-10-17,2020-10-14,73,23,148,7,1,166,0,0.033,0.043,0.139,1,0.043,0,0,0,0,5.8,4.1,NA,32
Chubut,Escalante,12039,2020-10-19,2020-10-19,172,4863,5165,2009,91,7366,2,0.013,0.019,0.66,58,0.012,21,0.004,19,0.004,6.8,5,5.3,9.8
Chubut,Florentino Ameghino,30,2020-10-11,2020-10-03,14,4,25,1,0,28,0,0,0,0.143,0,0,0,0,0,0,8.5,7.3,NA,NA
Chubut,Futaleufú,195,2020-10-19,2020-10-16,75,13,171,11,0,171,0,0,0,0.076,0,0,0,0,0,0,4,5.8,NA,NA
Chubut,Gaiman,174,2020-10-17,2020-10-17,67,46,100,28,0,137,0,0,0,0.336,0,0,0,0,0,0,6.8,5.4,NA,NA
Chubut,Gastre,5,2020-09-14,2020-09-07,4,1,3,1,0,4,0,0,0,0.25,0,0,0,0,0,0,NA,NA,NA,NA
Chubut,Paso de Indios,19,2020-10-12,2020-10-10,12,3,13,3,0,16,0,0,0,0.188,0,0,0,0,0,0,10.5,9.5,NA,NA
Chubut,Rawson,2775,2020-10-19,2020-10-17,166,718,1604,453,5,2035,0,0.004,0.007,0.353,11,0.015,4,0.006,4,0.006,7.3,4.9,9.2,16.4
Chubut,Río Senguer,48,2020-10-16,2020-10-15,25,5,37,6,0,38,0,0,0,0.132,0,0,0,0,0,0,NA,8,NA,NA
Chubut,SIN ESPECIFICAR,28,2020-10-14,2020-10-06,17,12,16,0,0,28,0,0,0,0.429,0,0,0,0,0,0,1,2.1,NA,NA
Chubut,Sarmiento,528,2020-10-19,2020-10-17,59,328,116,84,2,163,0,0.005,0.006,2.012,3,0.009,2,0.006,2,0.006,7.6,4.6,5,9
Chubut,Tehuelches,10,2020-10-16,2020-10-11,8,1,9,0,0,9,0,0,0,0.111,0,0,0,0,0,0,5,3,NA,NA
Corrientes,Bella Vista,377,2020-10-19,2020-10-05,76,32,332,13,0,354,0,0,0,0.09,1,0.031,0,0,0,0,61,62,NA,NA
Corrientes,Capital,8360,2020-10-19,2020-10-13,209,1445,6163,752,26,7521,0,0.012,0.018,0.192,30,0.021,24,0.017,16,0.011,4.3,2.2,5.8,10.5
Corrientes,Concepción,100,2020-10-19,2020-08-30,40,9,85,6,0,93,0,0,0,0.097,0,0,0,0,0,0,NA,NA,NA,NA
Corrientes,Curuzú Cuatiá,193,2020-10-19,2020-10-14,73,6,182,5,0,180,0,0,0,0.033,0,0,0,0,0,0,4,4,NA,NA
Corrientes,Empedrado,297,2020-10-17,2020-10-05,78,39,253,5,0,285,0,0,0,0.137,0,0,0,0,0,0,3.8,4,NA,NA
Corrientes,Esquina,147,2020-10-17,2020-10-08,72,6,135,6,0,135,0,0,0,0.044,0,0,0,0,0,0,NA,NA,NA,NA
Corrientes,General Alvear,159,2020-10-15,2020-10-14,37,7,152,0,0,149,0,0,0,0.047,0,0,0,0,0,0,3,3,NA,NA
Corrientes,General Paz,70,2020-10-18,2020-10-09,45,11,54,5,0,59,0,0,0,0.186,0,0,0,0,0,0,20,19.5,NA,NA
Corrientes,Goya,245,2020-10-19,2020-10-17,100,23,189,33,0,195,0,0,0,0.118,0,0,0,0,0,0,2,2,NA,NA
Corrientes,Itatí,201,2020-10-19,2020-10-11,63,14,179,8,0,176,0,0,0,0.08,0,0,0,0,0,0,16.5,11.7,NA,NA
Corrientes,Ituzaingó,359,2020-10-19,2020-10-14,73,19,141,199,1,135,0,0.005,0.053,0.141,1,0.053,1,0.053,0,0,1.5,2.8,NA,NA
Corrientes,Lavalle,101,2020-10-19,2020-10-17,48,6,91,4,0,94,0,0,0,0.064,0,0,0,0,0,0,14,2,NA,NA
Corrientes,Mburucuyá,34,2020-10-01,2020-09-26,25,1,28,5,0,28,0,0,0,0.036,0,0,0,0,0,0,3,3,NA,NA
Corrientes,Mercedes,225,2020-10-18,2020-10-08,74,58,163,4,0,219,0,0,0,0.265,1,0.017,0,0,0,0,6,6,NA,NA
Corrientes,Monte Caseros,645,2020-10-19,2020-10-04,95,46,588,11,0,624,0,0,0,0.074,0,0,0,0,0,0,2.5,2.3,NA,NA
Corrientes,Paso de los Libres,1488,2020-10-17,2020-10-13,116,72,1400,16,1,1449,0,0.011,0.014,0.05,0,0,0,0,0,0,6.7,3.9,NA,12
Corrientes,SIN ESPECIFICAR,58,2020-10-15,2020-05-06,30,27,28,3,0,53,0,0,0,0.509,0,0,0,0,0,0,0,0,NA,NA
Corrientes,Saladas,332,2020-10-19,2020-10-08,77,13,317,2,0,327,0,0,0,0.04,1,0.077,0,0,0,0,6.3,-1.4,NA,NA
Corrientes,San Cosme,455,2020-10-18,2020-10-12,127,76,353,26,0,416,0,0,0,0.183,1,0.013,1,0.013,0,0,2.2,3.2,NA,NA
Corrientes,San Luis del Palmar,215,2020-10-17,2020-10-14,76,29,168,18,1,193,0,0.021,0.034,0.15,1,0.034,1,0.034,0,0,5,5.7,0,1
Corrientes,San Martín,64,2020-10-19,2020-09-28,37,5,57,2,0,51,0,0,0,0.098,0,0,0,0,0,0,19,7,NA,NA
Corrientes,San Miguel,33,2020-10-16,2020-06-27,21,3,26,4,0,28,0,0,0,0.107,0,0,0,0,0,0,NA,NA,NA,NA
Corrientes,San Roque,176,2020-10-17,2020-10-10,44,122,46,8,2,166,0,0.015,0.016,0.735,2,0.016,2,0.016,1,0.008,-1.5,1,0,5
Corrientes,Santo Tomé,316,2020-10-19,2020-10-15,100,30,244,42,0,262,0,0,0,0.115,0,0,0,0,0,0,3,3.2,NA,NA
Corrientes,Sauce,28,2020-10-19,2020-08-27,17,1,22,5,0,20,0,0,0,0.05,0,0,0,0,0,0,NA,NA,NA,NA
Córdoba,Calamuchita,1432,2020-10-18,2020-10-15,182,843,509,80,7,1179,0,0.008,0.008,0.715,7,0.008,4,0.005,3,0.004,4.3,4.8,5.7,9.6
Córdoba,Capital,67372,2020-10-19,2020-10-19,223,29179,33414,4770,446,53495,9,0.013,0.015,0.545,458,0.016,283,0.01,83,0.003,5.4,4.9,7.3,13
Córdoba,Colón,7614,2020-10-19,2020-10-17,215,3441,3803,370,45,6400,0,0.012,0.013,0.538,92,0.027,30,0.009,11,0.003,4.6,4.6,5.2,17.8
Córdoba,Cruz del Eje,847,2020-10-18,2020-10-16,142,300,248,299,3,516,0,0.005,0.01,0.581,1,0.003,2,0.007,0,0,5.4,5.8,17,18.3
Córdoba,General Roca,1174,2020-10-19,2020-10-16,158,323,680,171,5,773,0,0.01,0.015,0.418,5,0.015,2,0.006,1,0.003,7,7,4.5,9.6
Córdoba,General San Martín,7043,2020-10-19,2020-10-18,213,3320,2218,1505,13,4661,0,0.003,0.004,0.712,34,0.01,17,0.005,1,0,5.4,4.2,5.9,13.8
Córdoba,Ischilín,489,2020-10-18,2020-10-16,126,302,150,37,1,371,0,0.003,0.003,0.814,4,0.013,0,0,0,0,3.8,4.3,NA,1
Córdoba,Juárez Celman,2023,2020-10-19,2020-10-16,175,1442,458,122,41,1744,1,0.026,0.028,0.827,26,0.018,18,0.012,4,0.003,5.8,6,8.8,12.5
Córdoba,Marcos Juárez,5062,2020-10-18,2020-10-18,191,2725,1535,802,22,3989,0,0.006,0.008,0.683,20,0.007,14,0.005,4,0.001,5.2,5.3,3.2,11.8
Córdoba,Minas,44,2020-10-17,2020-10-09,32,21,19,4,0,39,0,0,0,0.538,0,0,0,0,0,0,6.2,6.7,NA,NA
Córdoba,Pocho,46,2020-10-18,2020-09-22,37,12,30,4,0,40,0,0,0,0.3,0,0,0,0,0,0,4,5.5,NA,NA
Córdoba,Presidente Roque Sáenz Peña,730,2020-10-17,2020-10-15,130,519,176,35,9,626,0,0.016,0.017,0.829,1,0.002,0,0,0,0,2.8,3.6,NA,13
Córdoba,Punilla,4373,2020-10-19,2020-10-17,215,1649,2501,223,28,3752,0,0.015,0.017,0.439,26,0.016,21,0.013,5,0.003,6.5,5.6,4.9,12.6
Córdoba,Río Cuarto,13855,2020-10-19,2020-10-16,213,8911,3781,1161,178,11760,2,0.018,0.02,0.758,180,0.02,47,0.005,1,0,6.5,6,11,11.8
Córdoba,Río Primero,1380,2020-10-18,2020-10-17,171,801,519,60,4,1263,0,0.005,0.005,0.634,8,0.01,4,0.005,0,0,4.1,3.9,3.8,14.3
Córdoba,Río Seco,124,2020-10-18,2020-10-14,67,50,65,9,2,99,0,0.034,0.04,0.505,3,0.06,3,0.06,0,0,3.9,-0.6,0.5,7
Córdoba,Río Segundo,3793,2020-10-19,2020-10-18,205,1717,1680,395,4,3143,1,0.002,0.002,0.546,9,0.005,3,0.002,1,0.001,3.8,3.4,3,11.3
Córdoba,SIN ESPECIFICAR,616,2020-10-18,2020-10-15,154,326,241,49,0,481,0,0,0,0.678,1,0.003,0,0,0,0,3.1,3,NA,NA
Córdoba,San Alberto,461,2020-10-18,2020-10-16,146,173,268,20,2,407,0,0.01,0.012,0.425,1,0.006,1,0.006,0,0,1.7,1.7,18,17.5
Córdoba,San Javier,786,2020-10-18,2020-10-16,157,437,299,50,5,682,0,0.01,0.011,0.641,9,0.021,3,0.007,1,0.002,3.5,3.3,6.3,8
Córdoba,San Justo,4631,2020-10-19,2020-10-19,217,1547,1890,1194,17,3181,0,0.006,0.011,0.486,27,0.017,12,0.008,4,0.003,4.6,5.1,4.8,14.8
Córdoba,Santa María,5444,2020-10-19,2020-10-18,214,1864,2876,704,18,4472,0,0.007,0.01,0.417,39,0.021,19,0.01,6,0.003,5.2,3.7,2.2,9.2
Córdoba,Sobremonte,66,2020-10-17,2020-10-10,34,35,29,2,2,60,0,0.054,0.057,0.583,2,0.057,0,0,0,0,4.5,5.1,NA,10
Córdoba,Tercero Arriba,4377,2020-10-19,2020-10-17,195,3139,909,329,38,3485,0,0.011,0.012,0.901,42,0.013,14,0.004,2,0.001,4.4,3.8,3.1,10.7
Córdoba,Totoral,356,2020-10-18,2020-10-14,109,192,134,30,2,286,0,0.009,0.01,0.671,1,0.005,0,0,0,0,6.1,6.6,NA,18
Córdoba,Tulumba,187,2020-10-17,2020-10-14,72,74,64,49,1,117,0,0.008,0.014,0.632,4,0.054,2,0.027,1,0.014,6.2,5.1,0,NA
Córdoba,Unión,2201,2020-10-18,2020-10-18,194,1225,703,273,5,1719,0,0.003,0.004,0.713,11,0.009,6,0.005,0,0,3.3,3.9,6.3,11
Entre Ríos,Colón,784,2020-10-18,2020-10-17,152,82,679,23,1,748,0,0.01,0.012,0.11,10,0.122,0,0,0,0,5.3,3.9,2,9
Entre Ríos,Concordia,1931,2020-10-19,2020-10-16,180,383,1433,115,5,1696,0,0.01,0.013,0.226,44,0.115,4,0.01,4,0.01,7.3,5.6,1.3,10.7
Entre Ríos,Diamante,1589,2020-10-18,2020-10-17,148,702,795,92,16,1388,0,0.02,0.023,0.506,62,0.088,2,0.003,2,0.003,7.2,5.9,9.5,11.6
Entre Ríos,Federación,1219,2020-10-19,2020-10-18,155,508,655,56,9,1055,0,0.016,0.018,0.482,42,0.083,5,0.01,4,0.008,7.6,6.6,3,20.1
Entre Ríos,Federal,136,2020-10-18,2020-10-13,72,23,109,4,0,129,0,0,0,0.178,8,0.348,1,0.043,0,0,7,7.6,3,NA
Entre Ríos,Feliciano,54,2020-10-16,2020-10-16,37,12,40,2,1,49,0,0.071,0.083,0.245,4,0.333,0,0,0,0,7.8,3.6,NA,29
Entre Ríos,Gualeguay,977,2020-10-18,2020-10-16,134,311,512,154,3,757,0,0.006,0.01,0.411,9,0.029,2,0.006,2,0.006,6.6,5.8,4,16.7
Entre Ríos,Gualeguaychú,4137,2020-10-19,2020-10-18,182,1719,2179,239,23,3438,0,0.012,0.013,0.5,88,0.051,11,0.006,4,0.002,5.7,4,3,16.7
Entre Ríos,Islas del Ibicuy,567,2020-10-17,2020-10-17,100,129,372,66,0,490,0,0,0,0.263,7,0.054,2,0.016,1,0.008,5.6,3.7,4.5,NA
Entre Ríos,La Paz,522,2020-10-19,2020-10-15,113,185,308,29,3,464,0,0.014,0.016,0.399,24,0.13,0,0,0,0,7.2,4.8,NA,21
Entre Ríos,Nogoyá,370,2020-10-18,2020-10-14,108,137,209,24,1,323,0,0.006,0.007,0.424,7,0.051,0,0,0,0,7.3,6.7,NA,8
Entre Ríos,Paraná,14426,2020-10-19,2020-10-19,207,6629,6836,961,123,11956,0,0.016,0.019,0.554,481,0.073,50,0.008,10,0.002,6.6,5.2,6.3,13.1
Entre Ríos,SIN ESPECIFICAR,57,2020-10-17,2020-10-09,42,1,50,6,0,51,0,0,0,0.02,0,0,0,0,0,0,NA,NA,NA,NA
Entre Ríos,San Salvador,122,2020-10-16,2020-10-12,42,53,57,12,1,107,0,0.015,0.019,0.495,3,0.057,0,0,0,0,7,6.2,NA,3
Entre Ríos,Tala,279,2020-10-18,2020-10-16,67,121,142,16,2,224,0,0.015,0.017,0.54,11,0.091,1,0.008,1,0.008,5.9,4.9,1,10.5
Entre Ríos,Uruguay,1269,2020-10-19,2020-10-17,153,369,824,76,7,1138,0,0.016,0.019,0.324,12,0.033,3,0.008,2,0.005,5.5,4.4,6.7,10.3
Entre Ríos,Victoria,546,2020-10-18,2020-10-15,111,176,296,74,7,431,0,0.028,0.04,0.408,8,0.045,4,0.023,2,0.011,6.5,4.5,2.2,10.3
Entre Ríos,Villaguay,519,2020-10-18,2020-10-14,121,152,349,18,8,496,0,0.047,0.053,0.306,27,0.178,5,0.033,4,0.026,7.2,5.4,4.6,14.9
Formosa,Bermejo,21,2020-10-07,2020-08-16,17,1,19,1,0,20,0,0,0,0.05,0,0,0,0,0,0,NA,NA,NA,NA
Formosa,Formosa,746,2020-10-19,2020-10-15,168,63,658,25,1,697,0,0.011,0.016,0.09,12,0.19,0,0,0,0,3.9,5.9,NA,12
Formosa,Laishi,55,2020-10-16,2020-09-26,38,8,47,0,0,54,0,0,0,0.148,3,0.375,0,0,0,0,4,12,NA,NA
Formosa,Patiño,163,2020-10-15,2020-10-09,79,15,143,5,0,150,0,0,0,0.1,5,0.333,0,0,0,0,12.5,-4,NA,NA
Formosa,Pilagás,36,2020-10-13,2020-10-12,20,3,31,2,0,31,0,0,0,0.097,0,0,0,0,0,0,NA,NA,NA,NA
Formosa,Pilcomayo,340,2020-10-19,2020-10-06,111,45,284,11,0,307,0,0,0,0.147,27,0.6,0,0,0,0,NA,NA,NA,NA
Formosa,Pirané,135,2020-10-19,2020-10-01,59,5,128,2,0,125,0,0,0,0.04,0,0,0,0,0,0,NA,NA,NA,NA
Formosa,Ramón Lista,34,2020-10-13,2020-10-06,11,1,30,3,0,31,0,0,0,0.032,0,0,0,0,0,0,NA,NA,NA,NA
Jujuy,Cochinoca,1091,2020-10-19,2020-10-07,110,197,514,380,11,703,0,0.019,0.056,0.28,10,0.051,8,0.041,0,0,11.3,4.2,3.2,18.2
Jujuy,Coronel de Marina L. Rosales,2,2020-09-02,2020-08-24,1,1,0,1,1,1,0,0.5,1,1,0,0,0,0,0,0,9,7,NA,9
Jujuy,Dr. Manuel Belgrano,18490,2020-10-19,2020-10-16,205,6952,10265,1272,277,16983,1,0.034,0.04,0.409,71,0.01,18,0.003,6,0.001,10.1,1.2,3.9,20.4
Jujuy,El Carmen,5950,2020-10-18,2020-10-12,189,2401,3083,466,134,5358,0,0.047,0.056,0.448,36,0.015,9,0.004,5,0.002,6.3,4.4,4.9,17.5
Jujuy,General Guido,2,2020-08-27,NA,2,1,1,0,0,2,0,0,0,0.5,0,0,0,0,0,0,NA,NA,NA,NA
Jujuy,Humahuaca,1314,2020-10-18,2020-10-13,129,380,773,161,15,1146,0,0.028,0.039,0.332,3,0.008,1,0.003,0,0,6.5,-0.5,133,14.1
Jujuy,Ledesma,5724,2020-10-19,2020-10-16,176,1994,3094,636,115,5027,0,0.044,0.058,0.397,25,0.013,7,0.004,2,0.001,8.5,7,7.4,17.5
Jujuy,Palpalá,2951,2020-10-19,2020-10-16,175,1268,1502,181,47,2713,0,0.032,0.037,0.467,11,0.009,2,0.002,0,0,6.4,4.1,8,18.3
Jujuy,Rinconada,348,2020-10-17,2020-09-10,40,115,121,112,0,232,0,0,0,0.496,1,0.009,1,0.009,0,0,0.5,3,0,NA
Jujuy,SIN ESPECIFICAR,53,2020-10-07,2020-08-24,30,7,36,10,1,41,0,0.059,0.143,0.171,0,0,0,0,0,0,3.7,3.3,NA,19
Jujuy,San Antonio,272,2020-10-15,2020-09-27,100,105,153,14,3,256,0,0.025,0.029,0.41,0,0,0,0,0,0,10.4,0.2,NA,15.7
Jujuy,San Pedro,4828,2020-10-18,2020-10-16,167,2166,2088,573,98,4176,1,0.036,0.045,0.519,18,0.008,4,0.002,3,0.001,9.3,6.4,5,15.2
Jujuy,Santa Bárbara,729,2020-10-18,2020-09-24,113,269,387,73,15,648,0,0.044,0.056,0.415,1,0.004,0,0,0,0,5.9,5.1,NA,14.8
Jujuy,Santa Catalina,104,2020-10-16,2020-10-04,33,33,47,24,0,79,0,0,0,0.418,2,0.061,0,0,0,0,1,4,NA,NA
Jujuy,Susques,1014,2020-10-17,2020-08-26,93,518,446,50,1,920,0,0.002,0.002,0.563,7,0.014,0,0,0,0,7.8,13.4,NA,9
Jujuy,Tilcara,953,2020-10-18,2020-10-17,136,333,515,105,10,813,0,0.023,0.03,0.41,8,0.024,1,0.003,0,0,6.4,4.5,13,16.2
Jujuy,Tumbaya,328,2020-10-16,2020-09-24,67,114,202,12,0,314,0,0,0,0.363,0,0,0,0,0,0,8,7.3,NA,NA
Jujuy,Valle Grande,28,2020-10-16,2020-09-30,18,8,16,4,0,23,0,0,0,0.348,0,0,0,0,0,0,-28,-29,NA,NA
Jujuy,Yavi,1129,2020-10-17,2020-10-11,116,417,593,119,10,1006,0,0.019,0.024,0.415,50,0.12,0,0,0,0,8.2,8.6,NA,14
La Pampa,Atreucó,162,2020-10-19,2020-10-16,69,21,129,12,0,147,0,0,0,0.143,0,0,0,0,0,0,4.1,4.2,NA,NA
La Pampa,Caleu Caleu,49,2020-10-18,2020-10-15,29,13,30,6,0,42,0,0,0,0.31,1,0.077,0,0,0,0,4.1,4.1,NA,NA
La Pampa,Capital,4028,2020-10-19,2020-10-19,180,580,2992,456,2,3539,0,0.002,0.003,0.164,9,0.016,1,0.002,0,0,3.4,3,6,15
La Pampa,Catriló,299,2020-10-15,2020-10-19,66,79,208,12,1,283,0,0.011,0.013,0.279,4,0.051,3,0.038,2,0.025,4.4,4.3,11,14
La Pampa,Chalileo,23,2020-10-15,2020-10-14,12,1,18,4,0,17,0,0,0,0.059,0,0,0,0,0,0,10,9,NA,NA
La Pampa,Chapaleufú,1043,2020-10-18,2020-10-19,85,261,775,7,7,1006,0,0.026,0.027,0.259,5,0.019,2,0.008,0,0,3.8,3.4,11.5,22.3
La Pampa,Conhelo,305,2020-10-19,2020-10-18,76,51,236,18,1,281,0,0.014,0.02,0.181,0,0,0,0,0,0,3,2.3,NA,5
La Pampa,Curacó,9,2020-09-28,2020-09-09,5,3,5,1,0,7,0,0,0,0.429,0,0,0,0,0,0,5,4,NA,NA
La Pampa,Guatraché,94,2020-10-19,2020-10-17,47,12,69,13,0,80,0,0,0,0.15,1,0.083,1,0.083,0,0,2.3,2.3,14,NA
La Pampa,Hucal,243,2020-10-17,2020-10-18,41,25,210,8,0,234,0,0,0,0.107,2,0.08,0,0,0,0,3.2,2.7,NA,NA
La Pampa,Loventué,79,2020-10-17,2020-10-17,47,3,71,5,0,72,0,0,0,0.042,0,0,0,0,0,0,5,4.5,NA,NA
La Pampa,Maracó,2100,2020-10-19,2020-10-19,132,321,1694,85,2,1971,0,0.005,0.006,0.163,10,0.031,0,0,0,0,4,3.2,NA,27.5
La Pampa,Puelén,265,2020-10-17,2020-10-14,56,98,155,12,0,252,0,0,0,0.389,3,0.031,0,0,0,0,4.7,4.5,NA,NA
La Pampa,Quemú Quemú,288,2020-10-18,2020-10-19,81,39,242,7,0,277,0,0,0,0.141,1,0.026,0,0,0,0,8.6,8,NA,NA
La Pampa,Rancul,159,2020-10-17,2020-10-16,63,6,146,7,0,149,0,0,0,0.04,0,0,0,0,0,0,3.7,2.7,NA,NA
La Pampa,Realicó,572,2020-10-17,2020-10-18,98,58,508,6,1,547,0,0.016,0.017,0.106,1,0.017,0,0,0,0,3.2,2.3,NA,13
La Pampa,Toay,640,2020-10-19,2020-10-18,92,100,480,60,0,579,0,0,0,0.173,0,0,0,0,0,0,2.8,2.4,NA,NA
La Pampa,Trenel,238,2020-10-19,2020-10-18,66,29,196,13,0,219,0,0,0,0.132,0,0,0,0,0,0,3,2.6,NA,NA
La Pampa,Utracán,255,2020-10-18,2020-10-16,76,10,222,23,1,228,0,0.03,0.1,0.044,1,0.1,1,0.1,1,0.1,3.6,4.5,0,13
La Rioja,Arauco,500,2020-10-19,2020-09-25,106,50,446,4,1,493,0,0.019,0.02,0.101,2,0.04,0,0,0,0,13.9,2.5,NA,5
La Rioja,Capital,12880,2020-10-19,2020-10-15,208,5141,7558,180,180,12632,1,0.034,0.035,0.407,41,0.008,10,0.002,4,0.001,12.4,4.7,5.1,15.1
La Rioja,Castro Barros,107,2020-10-17,2020-09-26,69,24,82,1,1,105,0,0.04,0.042,0.229,0,0,0,0,0,0,10.5,13.5,NA,20
La Rioja,Chamical,796,2020-10-18,2020-10-08,119,205,586,5,17,787,0,0.081,0.083,0.26,2,0.01,1,0.005,0,0,2.9,2.8,6,19.1
La Rioja,Chilecito,2267,2020-10-18,2020-10-11,149,772,1483,12,17,2225,0,0.022,0.022,0.347,3,0.004,3,0.004,0,0,22.1,4.6,0.7,10.2
La Rioja,Coronel Felipe Varela,205,2020-10-18,2020-09-26,57,29,175,1,0,202,0,0,0,0.144,0,0,0,0,0,0,2,3,NA,NA
La Rioja,Famatina,184,2020-10-19,2020-08-20,63,38,143,2,0,179,1,0,0,0.212,0,0,0,0,0,0,4.3,7,NA,NA
La Rioja,General Angel V. Peñaloza,62,2020-10-16,2020-06-11,40,8,52,2,1,60,0,0.1,0.125,0.133,0,0,0,0,0,0,6,4,NA,15
La Rioja,General Belgrano,307,2020-10-18,2020-08-26,77,73,232,2,1,301,0,0.013,0.014,0.243,1,0.014,0,0,0,0,-0.2,0.8,NA,6
La Rioja,General Juan F. Quiroga,72,2020-10-17,2020-10-08,45,12,55,5,0,65,0,0,0,0.185,0,0,0,0,0,0,5,6,NA,NA
La Rioja,General Lamadrid,31,2020-10-16,2020-06-05,22,5,26,0,0,30,0,0,0,0.167,0,0,0,0,0,0,127,2,NA,NA
La Rioja,General Ocampo,144,2020-10-19,2020-09-30,67,27,116,1,1,139,0,0.036,0.037,0.194,0,0,0,0,0,0,4,5,NA,11
La Rioja,General San Martín,77,2020-10-17,2020-09-29,43,12,62,3,1,74,0,0.067,0.083,0.162,0,0,0,0,0,0,26,2.3,NA,17
La Rioja,Independencia,59,2020-10-17,2020-05-15,38,16,43,0,0,59,0,0,0,0.271,0,0,0,0,0,0,NA,NA,NA,NA
La Rioja,Rosario Vera Peñaloza,506,2020-10-19,2020-10-07,99,138,365,3,3,497,0,0.021,0.022,0.278,0,0,0,0,0,0,7.9,9.7,NA,11
La Rioja,SIN ESPECIFICAR,15,2020-10-16,2020-05-15,12,7,8,0,0,15,0,0,0,0.467,0,0,0,0,0,0,NA,NA,NA,NA
La Rioja,San Blas de los Sauces,51,2020-10-18,2020-09-23,38,6,45,0,0,51,0,0,0,0.118,0,0,0,0,0,0,196,5,NA,NA
La Rioja,Sanagasta,224,2020-10-18,2020-09-19,77,51,171,2,4,222,0,0.075,0.078,0.23,0,0,0,0,0,0,1.8,3.2,NA,12
La Rioja,Vinchina,24,2020-10-17,2020-10-08,18,6,17,1,0,21,0,0,0,0.286,0,0,0,0,0,0,NA,NA,NA,NA
Mendoza,Capital,7449,2020-10-19,2020-10-18,202,3393,3325,729,69,6480,2,0.017,0.02,0.524,278,0.082,40,0.012,18,0.005,7.3,4.7,5.2,12.8
Mendoza,General Alvear,1366,2020-10-19,2020-10-18,144,271,681,414,4,931,0,0.006,0.015,0.291,17,0.063,3,0.011,2,0.007,4.7,3.4,8,16
Mendoza,Godoy Cruz,10649,2020-10-19,2020-10-19,195,4918,4758,972,99,9278,1,0.017,0.02,0.53,314,0.064,31,0.006,21,0.004,7.4,3.9,5.8,11
Mendoza,Guaymallén,15385,2020-10-19,2020-10-18,208,7146,6455,1783,160,13001,1,0.018,0.022,0.55,508,0.071,54,0.008,21,0.003,7.1,4.7,5.2,10.3
Mendoza,Junín,1464,2020-10-19,2020-10-17,139,585,675,204,6,1156,0,0.008,0.01,0.506,27,0.046,1,0.002,1,0.002,9.9,4.8,0,15.8
Mendoza,La Paz,387,2020-10-19,2020-10-16,75,170,169,48,1,319,0,0.005,0.006,0.533,9,0.053,0,0,0,0,8,5.9,NA,13
Mendoza,Las Heras,11929,2020-10-19,2020-10-19,201,5675,5277,976,85,10328,1,0.013,0.015,0.549,292,0.051,30,0.005,16,0.003,7.1,4.4,4,12.2
Mendoza,Lavalle,1064,2020-10-19,2020-10-16,134,434,490,140,12,860,0,0.021,0.028,0.505,25,0.058,2,0.005,2,0.005,9.1,4.8,6.5,13.4
Mendoza,Luján de Cuyo,6278,2020-10-19,2020-10-18,193,2897,2841,539,38,5419,1,0.011,0.013,0.535,245,0.085,21,0.007,10,0.003,7.3,4.3,5.9,11.3
Mendoza,Maipú,9201,2020-10-19,2020-10-18,194,4360,4127,714,73,8072,0,0.014,0.017,0.54,287,0.066,20,0.005,5,0.001,7.7,4,6,11.1
Mendoza,Malargüe,441,2020-10-18,2020-10-15,92,85,285,71,1,345,0,0.006,0.012,0.246,5,0.059,1,0.012,1,0.012,3.6,3.2,1,8
Mendoza,Rivadavia,2358,2020-10-19,2020-10-16,144,969,1100,289,12,1931,0,0.01,0.012,0.502,39,0.04,4,0.004,3,0.003,9,5.8,4,12.5
Mendoza,SIN ESPECIFICAR,327,2020-10-19,2020-10-14,93,139,155,33,2,284,0,0.012,0.014,0.489,9,0.065,1,0.007,0,0,9.2,3.5,0,18.5
Mendoza,San Carlos,1803,2020-10-19,2020-10-16,133,963,773,67,6,1559,0,0.006,0.006,0.618,108,0.112,2,0.002,1,0.001,5.9,5.2,17,9.2
Mendoza,San Martín,4159,2020-10-19,2020-10-18,173,1630,1752,777,30,3148,0,0.012,0.018,0.518,84,0.052,9,0.006,3,0.002,10.1,4.9,2.4,11.8
Mendoza,San Rafael,4579,2020-10-18,2020-10-18,183,1302,2405,870,18,3591,2,0.008,0.014,0.363,104,0.08,8,0.006,6,0.005,4.6,4.5,4.7,14.9
Mendoza,Santa Rosa,335,2020-10-18,2020-10-12,90,93,144,98,2,228,0,0.01,0.022,0.408,10,0.108,1,0.011,0,0,11.4,4.8,NA,6
Mendoza,Tunuyán,3219,2020-10-18,2020-10-17,160,1900,1145,174,9,2593,0,0.004,0.005,0.733,21,0.011,2,0.001,1,0.001,7.1,5.6,5,5.2
Mendoza,Tupungato,1535,2020-10-18,2020-10-17,125,907,550,78,8,1251,0,0.008,0.009,0.725,10,0.011,3,0.003,1,0.001,5.1,7.2,0,14.5
Misiones,25 de Mayo,51,2020-10-16,2020-09-28,30,1,47,3,0,37,0,0,0,0.027,0,0,0,0,0,0,NA,NA,NA,NA
Misiones,Apóstoles,179,2020-10-18,2020-10-05,76,3,167,9,0,154,0,0,0,0.019,0,0,0,0,0,0,10,10,NA,NA
Misiones,Cainguás,157,2020-10-18,2020-10-13,67,8,145,4,1,140,0,0.083,0.125,0.057,2,0.25,1,0.125,0,0,13.2,13.2,2,3
Misiones,Candelaria,154,2020-10-18,2020-10-07,71,5,140,9,0,129,0,0,0,0.039,0,0,0,0,0,0,NA,NA,NA,NA
Misiones,Capital,3335,2020-10-19,2020-10-12,169,109,3127,99,1,3085,0,0.005,0.009,0.035,42,0.385,4,0.037,2,0.018,11.3,9.1,2.6,4
Misiones,Eldorado,299,2020-10-18,2020-10-15,102,3,292,4,0,256,0,0,0,0.012,1,0.333,0,0,0,0,4,3,NA,NA
Misiones,General Manuel Belgrano,131,2020-10-18,2020-10-01,56,6,123,2,0,120,0,0,0,0.05,2,0.333,0,0,0,0,22,21.3,11,NA
Misiones,Guaraní,172,2020-10-18,2020-10-16,69,3,163,6,1,158,0,0.111,0.333,0.019,3,1,1,0.333,1,0.333,2.7,2.7,4,10
Misiones,Iguazú,907,2020-10-19,2020-10-16,140,42,821,44,0,800,0,0,0,0.052,11,0.262,1,0.024,0,0,10.6,10.1,13,NA
Misiones,Leandro N. Alem,170,2020-10-18,2020-10-07,82,2,164,4,0,153,0,0,0,0.013,0,0,0,0,0,0,NA,NA,NA,NA
Misiones,Libertador Grl. San Martín,197,2020-10-18,2020-10-13,82,1,188,8,0,177,0,0,0,0.006,0,0,0,0,0,0,NA,NA,NA,NA
Misiones,Oberá,374,2020-10-19,2020-10-06,100,7,338,29,0,314,0,0,0,0.022,1,0.143,0,0,0,0,1,1,NA,NA
Misiones,San Ignacio,203,2020-10-18,2020-10-08,85,4,195,4,0,177,0,0,0,0.023,0,0,0,0,0,0,5,5,NA,NA
Misiones,San Javier,68,2020-10-15,2020-09-13,39,3,65,0,1,57,0,0.333,0.333,0.053,0,0,0,0,0,0,NA,NA,NA,NA
Neuquén,Aluminé,225,2020-10-17,2020-10-17,83,61,135,29,0,148,0,0,0,0.412,43,0.705,1,0.016,1,0.016,5.2,4.6,0,NA
Neuquén,Añelo,596,2020-10-18,2020-10-18,118,291,158,147,7,420,0,0.016,0.024,0.693,200,0.687,2,0.007,1,0.003,6.8,4.8,0,14.8
Neuquén,Catán Lil,79,2020-10-18,2020-10-08,22,21,35,23,2,38,0,0.045,0.095,0.553,2,0.095,0,0,0,0,9.2,7.9,NA,23.5
Neuquén,Chos Malal,172,2020-10-17,2020-10-14,81,48,107,17,0,143,0,0,0,0.336,41,0.854,0,0,0,0,5.7,4.8,NA,NA
Neuquén,Collón Curá,267,2020-10-18,2020-10-16,51,155,46,66,5,185,0,0.023,0.032,0.838,71,0.458,2,0.013,1,0.006,8.2,4.8,12,25.6
Neuquén,Confluencia,27047,2020-10-19,2020-10-19,219,13397,8185,5465,240,19108,0,0.013,0.018,0.701,6334,0.473,134,0.01,110,0.008,6.1,5.6,6.4,18.2
Neuquén,Huiliches,325,2020-10-19,2020-10-18,84,51,206,68,0,211,0,0,0,0.242,3,0.059,0,0,0,0,6.4,4.5,NA,NA
Neuquén,Loncopué,209,2020-10-18,2020-10-15,72,59,133,17,2,150,0,0.026,0.034,0.393,37,0.627,0,0,0,0,7.2,4.4,NA,6
Neuquén,Los Lagos,303,2020-10-18,2020-10-14,88,68,150,85,1,182,0,0.007,0.015,0.374,19,0.279,0,0,0,0,7.6,6.1,NA,36
Neuquén,Lácar,691,2020-10-18,2020-10-18,131,68,440,183,2,351,0,0.008,0.029,0.194,18,0.265,2,0.029,1,0.015,4.4,2.3,4,13.5
Neuquén,Minas,120,2020-10-17,2020-10-06,41,38,73,9,1,101,0,0.021,0.026,0.376,35,0.921,0,0,0,0,5.2,4.1,NA,NA
Neuquén,Pehuenches,329,2020-10-17,2020-10-18,107,97,155,77,0,237,0,0,0,0.409,24,0.247,0,0,0,0,5.1,4.5,NA,NA
Neuquén,Picunches,396,2020-10-19,2020-10-16,109,127,192,77,1,235,0,0.005,0.008,0.54,23,0.181,0,0,0,0,5.8,4.6,NA,89
Neuquén,Picún Leufú,245,2020-10-18,2020-10-17,73,126,71,48,1,194,0,0.006,0.008,0.649,95,0.754,0,0,0,0,6.3,5.2,NA,NA
Neuquén,SIN ESPECIFICAR,73,2020-10-01,2020-10-13,22,43,17,13,0,54,0,0,0,0.796,34,0.791,0,0,0,0,3.5,6.8,NA,NA
Neuquén,Zapala,1834,2020-10-19,2020-10-18,168,679,492,663,11,917,0,0.008,0.016,0.74,291,0.429,3,0.004,2,0.003,7,4.4,2.3,11
Neuquén,Ñorquín,81,2020-10-18,2020-10-13,51,23,49,9,1,70,0,0.031,0.043,0.329,17,0.739,1,0.043,1,0.043,4.2,2.8,38,39
Río Negro,25 de Mayo,1073,2020-10-19,2020-10-18,122,597,441,35,21,980,0,0.033,0.035,0.609,44,0.074,0,0,0,0,4,2.3,NA,15
Río Negro,Adolfo Alsina,2812,2020-10-19,2020-10-17,172,1144,1530,138,23,2426,0,0.018,0.02,0.472,21,0.018,4,0.003,2,0.002,4.4,3.5,5.5,11.9
Río Negro,Avellaneda,1844,2020-10-19,2020-10-19,170,850,850,144,19,1493,0,0.019,0.022,0.569,191,0.225,11,0.013,5,0.006,4.5,3.1,8.5,15.7
Río Negro,Bariloche,9525,2020-10-19,2020-10-19,191,4002,5205,318,61,8576,0,0.014,0.015,0.467,308,0.077,23,0.006,14,0.003,4.7,2.4,3.5,14.7
Río Negro,Conesa,526,2020-10-15,2020-10-16,83,306,204,16,13,463,0,0.04,0.042,0.661,194,0.634,7,0.023,7,0.023,4.5,3.9,5.4,15.9
Río Negro,El Cuy,84,2020-10-18,2020-10-16,54,24,54,6,2,75,0,0.067,0.083,0.32,2,0.083,0,0,0,0,6.4,6.2,NA,12.5
Río Negro,General Roca,21816,2020-10-19,2020-10-19,212,11531,8497,1788,347,18962,0,0.026,0.03,0.608,2500,0.217,100,0.009,68,0.006,5,3.9,6.8,14.5
Río Negro,Pichi Mahuida,311,2020-10-17,2020-10-19,89,87,192,32,3,265,0,0.025,0.034,0.328,73,0.839,0,0,0,0,3.6,2.1,NA,18.3
Río Negro,Pilcaniyeu,473,2020-10-17,2020-10-16,129,177,286,10,5,420,0,0.027,0.028,0.421,26,0.147,2,0.011,2,0.011,5.3,3.6,6,10.8
Río Negro,SIN ESPECIFICAR,42,2020-10-11,2020-10-03,32,18,22,2,3,36,0,0.15,0.167,0.5,4,0.222,1,0.056,1,0.056,8.5,7.3,4,20.3
Río Negro,San Antonio,1455,2020-10-18,2020-10-18,131,678,674,103,13,1085,0,0.017,0.019,0.625,12,0.018,1,0.001,1,0.001,4.1,2.9,0,15.8
Río Negro,Valcheta,36,2020-10-11,2020-10-17,20,2,26,8,0,27,0,0,0,0.074,0,0,0,0,0,0,3,1.5,NA,NA
Río Negro,Ñorquincó,2,2020-10-05,2020-10-04,1,1,0,1,0,1,0,0,0,1,1,1,0,0,0,0,1,1,NA,NA
SIN ESPECIFICAR,SIN ESPECIFICAR,6593,2020-10-19,2020-10-19,210,2515,3711,367,22,5623,0,0.008,0.009,0.447,165,0.066,20,0.008,10,0.004,6.2,3.9,4.8,18.9
Salta,Anta,853,2020-10-19,2020-10-17,97,269,470,114,4,734,0,0.01,0.015,0.366,12,0.045,4,0.015,3,0.011,6,4.7,0.8,11.8
Salta,Cachi,92,2020-10-19,2020-10-15,35,56,31,5,3,54,0,0.049,0.054,1.037,2,0.036,1,0.018,1,0.018,8.3,10.4,6,7.3
Salta,Cafayate,394,2020-10-19,2020-10-17,80,170,186,38,5,336,0,0.024,0.029,0.506,10,0.059,1,0.006,1,0.006,6.3,4.9,5,13.8
Salta,Capital,17356,2020-10-19,2020-10-19,207,8430,7231,1695,251,15065,0,0.025,0.03,0.56,898,0.107,154,0.018,58,0.007,6.7,4.7,7,14.1
Salta,Cerrillos,1340,2020-10-17,2020-10-16,115,710,549,81,12,1196,0,0.015,0.017,0.594,45,0.063,7,0.01,4,0.006,7.8,5.7,8.3,17
Salta,Chicoana,437,2020-10-19,2020-10-16,81,189,201,47,7,370,0,0.03,0.037,0.511,29,0.153,2,0.011,1,0.005,8.6,5.7,6.5,15.5
Salta,General Güemes,1959,2020-10-19,2020-10-16,131,1004,827,128,57,1784,0,0.05,0.057,0.563,116,0.116,37,0.037,31,0.031,7.6,5,8.8,14.3
Salta,Grl. José de San Martín,4248,2020-10-19,2020-10-15,160,1747,2039,462,66,3613,0,0.03,0.038,0.484,160,0.092,23,0.013,17,0.01,9.7,7.5,7.2,13
Salta,Guachipas,51,2020-10-17,2020-10-10,20,22,20,9,0,39,0,0,0,0.564,0,0,0,0,0,0,7.4,3.9,NA,NA
Salta,Iruya,135,2020-10-17,2020-10-06,39,67,63,5,1,94,0,0.014,0.015,0.713,8,0.119,1,0.015,1,0.015,29.2,20,5,17
Salta,La Caldera,457,2020-10-19,2020-10-16,92,194,219,44,3,402,0,0.013,0.015,0.483,19,0.098,2,0.01,2,0.01,6.3,3.7,5.5,11
Salta,La Candelaria,60,2020-10-16,2020-10-13,20,13,44,3,0,55,0,0,0,0.236,0,0,0,0,0,0,7,4,NA,NA
Salta,La Poma,91,2020-10-17,2020-10-12,14,19,35,37,1,35,0,0.018,0.053,0.543,0,0,0,0,0,0,8,5.3,NA,6
Salta,La Viña,219,2020-10-17,2020-10-15,63,121,74,24,7,161,0,0.048,0.058,0.752,23,0.19,2,0.017,1,0.008,7,6.6,3,20
Salta,Los Andes,331,2020-10-17,2020-10-16,77,195,128,8,4,318,0,0.02,0.021,0.613,9,0.046,3,0.015,2,0.01,7.4,5.2,13.7,13
Salta,Metán,739,2020-10-19,2020-10-15,104,245,345,149,1,577,0,0.003,0.004,0.425,9,0.037,1,0.004,0,0,9.8,7.1,7,8
Salta,Molinos,114,2020-10-18,2020-10-15,28,38,63,13,0,79,0,0,0,0.481,8,0.211,0,0,0,0,8.4,8,NA,NA
Salta,Orán,4636,2020-10-19,2020-10-13,148,2107,2040,489,162,3713,0,0.062,0.077,0.567,248,0.118,54,0.026,44,0.021,8.6,15.3,6,11.9
Salta,Rivadavia,566,2020-10-18,2020-10-15,84,144,326,96,7,448,0,0.029,0.049,0.321,11,0.076,2,0.014,1,0.007,11.3,7.7,15,10.6
Salta,Rosario de Lerma,1170,2020-10-19,2020-10-17,119,584,413,173,24,923,0,0.032,0.041,0.633,60,0.103,7,0.012,3,0.005,7.2,5.5,9.9,13.5
Salta,Rosario de la Frontera,306,2020-10-17,2020-10-15,74,76,212,18,3,279,0,0.032,0.039,0.272,3,0.039,2,0.026,2,0.026,6.8,7,3,9.3
Salta,SIN ESPECIFICAR,72,2020-10-19,2020-10-17,40,14,43,15,1,54,0,0.034,0.071,0.259,3,0.214,0,0,0,0,6.5,4.7,NA,13
Salta,San Carlos,56,2020-10-18,2020-10-17,29,23,29,4,2,52,0,0.074,0.087,0.442,4,0.174,1,0.043,0,0,7.9,4.4,0,13.5
Salta,Santa Victoria,67,2020-10-19,2020-10-09,44,21,43,3,1,64,0,0.042,0.048,0.328,5,0.238,0,0,0,0,7.2,0.8,NA,5
San Juan,25 de Mayo,90,2020-10-13,2020-09-29,46,41,33,16,1,69,0,0.018,0.024,0.594,3,0.073,1,0.024,0,0,3.4,4.3,1,8
San Juan,9 de Julio,33,2020-10-08,2020-10-17,19,10,17,6,0,23,0,0,0,0.435,1,0.1,0,0,0,0,8.3,8.3,NA,NA
San Juan,Albardón,71,2020-10-16,2020-10-14,39,5,46,20,0,47,0,0,0,0.106,0,0,0,0,0,0,2.5,3.5,NA,NA
San Juan,Angaco,42,2020-10-09,2020-10-03,13,6,9,27,0,14,0,0,0,0.429,0,0,0,0,0,0,2,5,NA,NA
San Juan,Calingasta,29,2020-10-11,2020-10-08,22,6,19,4,0,25,0,0,0,0.24,0,0,0,0,0,0,NA,NA,NA,NA
San Juan,Capital,697,2020-10-19,2020-10-15,154,199,301,197,6,460,0,0.015,0.03,0.433,7,0.035,3,0.015,0,0,6.3,5.2,2,6.8
San Juan,Caucete,379,2020-10-16,2020-10-16,98,222,101,56,17,302,0,0.061,0.077,0.735,19,0.086,8,0.036,4,0.018,5.6,4,4,12.9
San Juan,Chimbas,398,2020-10-17,2020-10-17,118,114,164,120,2,247,0,0.009,0.018,0.462,2,0.018,1,0.009,1,0.009,7.2,8.5,0,4
San Juan,Iglesia,10,2020-09-27,2020-09-24,4,1,5,4,0,4,0,0,0,0.25,0,0,0,0,0,0,NA,NA,NA,NA
San Juan,Jáchal,34,2020-10-09,2020-09-26,15,8,14,12,1,20,0,0.05,0.125,0.4,1,0.125,1,0.125,0,0,2.2,3,9,17
San Juan,Pocito,194,2020-10-16,2020-10-10,86,65,93,36,1,147,0,0.01,0.015,0.442,1,0.015,0,0,0,0,2.7,3.5,NA,25
San Juan,Rawson,597,2020-10-18,2020-10-16,144,186,263,148,13,411,0,0.039,0.07,0.453,17,0.091,3,0.016,1,0.005,3.6,3.5,0.7,9.9
San Juan,Rivadavia,597,2020-10-15,2020-10-17,148,150,277,170,7,375,0,0.022,0.047,0.4,5,0.033,4,0.027,2,0.013,4,4,0.2,13.4
San Juan,SIN ESPECIFICAR,143,2020-10-05,2020-10-02,10,130,5,8,0,133,0,0,0,0.977,0,0,0,0,0,0,1.8,4.4,NA,NA
San Juan,San Martín,62,2020-10-09,2020-10-18,34,16,29,17,1,41,0,0.03,0.062,0.39,2,0.125,1,0.062,0,0,10.7,9.5,NA,5
San Juan,Santa Lucía,288,2020-10-18,2020-10-13,101,103,114,71,5,198,0,0.029,0.049,0.52,5,0.049,4,0.039,0,0,3.9,3.9,3.2,8.4
San Juan,Sarmiento,136,2020-10-07,2020-10-13,36,22,64,50,0,57,0,0,0,0.386,0,0,0,0,0,0,1.8,2,NA,NA
San Juan,Ullúm,7,2020-09-30,2020-09-10,7,1,6,0,0,7,0,0,0,0.143,0,0,0,0,0,0,NA,NA,NA,NA
San Juan,Valle Fértil,38,2020-10-16,2020-09-25,17,11,18,9,0,26,0,0,0,0.423,1,0.091,0,0,0,0,3,3.5,NA,NA
San Juan,Zonda,18,2020-10-13,2020-09-10,13,5,12,1,0,15,0,0,0,0.333,0,0,0,0,0,0,NA,NA,NA,NA
San Luis,Ayacucho,644,2020-10-18,2020-10-07,70,48,511,85,0,553,0,0,0,0.087,0,0,0,0,0,0,8,5,NA,NA
San Luis,Belgrano,108,2020-10-17,2020-10-03,40,16,72,20,1,88,0,0.028,0.062,0.182,1,0.062,0,0,0,0,5.4,4.2,NA,10
San Luis,Chacabuco,1749,2020-10-19,2020-10-11,94,484,874,391,12,1326,0,0.014,0.025,0.365,21,0.043,7,0.014,4,0.008,7.7,5,4.3,13.1
San Luis,Coronel Pringles,521,2020-10-19,2020-10-07,67,88,321,112,2,396,0,0.01,0.023,0.222,5,0.057,0,0,0,0,5.4,4.6,NA,9
San Luis,General Pedernera,4659,2020-10-19,2020-10-18,135,1562,2323,774,4,3658,0,0.002,0.003,0.427,17,0.011,2,0.001,0,0,9.4,5,2,9.8
San Luis,Gobernador Dupuy,763,2020-10-18,2020-09-29,52,144,410,209,0,553,0,0,0,0.26,1,0.007,1,0.007,1,0.007,5.2,3.8,7,NA
San Luis,Junín,909,2020-10-19,2020-10-18,100,100,448,361,0,538,0,0,0,0.186,3,0.03,0,0,0,0,10.4,9.6,NA,NA
San Luis,La Capital,5210,2020-10-19,2020-10-16,179,1156,3115,938,16,4147,1,0.008,0.014,0.279,57,0.049,5,0.004,2,0.002,13,6.4,3.4,17.9
San Luis,Libertador General San Martín,104,2020-10-18,2020-09-18,28,13,71,20,1,83,0,0.03,0.077,0.157,0,0,0,0,0,0,2.5,2.5,NA,9
Santa Cruz,Corpen Aike,192,2020-10-17,2020-10-16,61,27,139,26,0,157,0,0,0,0.172,1,0.037,0,0,0,0,5.6,3.3,NA,NA
Santa Cruz,Deseado,2565,2020-10-19,2020-10-19,163,725,1148,692,3,1465,0,0.002,0.004,0.495,25,0.034,7,0.01,4,0.006,4.4,2.2,5.5,11.7
Santa Cruz,Güer Aike,11126,2020-10-19,2020-10-18,186,5747,4831,545,86,10128,3,0.014,0.015,0.567,288,0.05,72,0.013,50,0.009,5.6,4.9,8.4,15.3
Santa Cruz,Lago Argentino,1897,2020-10-17,2020-10-19,120,794,991,112,8,1501,0,0.009,0.01,0.529,104,0.131,14,0.018,9,0.011,5,3.8,6.5,12
Santa Cruz,Lago Buenos Aires,147,2020-10-15,2020-10-15,64,32,93,22,0,124,0,0,0,0.258,0,0,0,0,0,0,5.2,-0.3,NA,NA
Santa Cruz,Magallanes,264,2020-10-16,2020-10-15,66,25,221,18,1,244,0,0.023,0.04,0.102,1,0.04,0,0,0,0,5.3,4.2,NA,6
Santa Cruz,Río Chico,58,2020-10-17,2020-10-14,34,6,50,2,0,53,0,0,0,0.113,0,0,0,0,0,0,2.8,2.2,NA,NA
Santa Cruz,SIN ESPECIFICAR,86,2020-10-08,2020-10-03,38,42,41,3,2,79,0,0.044,0.048,0.532,5,0.119,1,0.024,1,0.024,2.7,1.5,10,18.5
Santa Fe,9 de Julio,438,2020-10-19,2020-10-17,91,122,277,39,0,333,0,0,0,0.366,1,0.008,1,0.008,0,0,5.1,3.9,4,NA
Santa Fe,Belgrano,1407,2020-10-19,2020-10-18,161,940,442,25,14,1294,0,0.015,0.015,0.726,33,0.035,16,0.017,8,0.009,7.8,8.9,3,12.6
Santa Fe,Caseros,5040,2020-10-18,2020-10-16,191,3291,1605,144,91,4454,0,0.026,0.028,0.739,194,0.059,52,0.016,28,0.009,6.4,7.4,5.8,14.8
Santa Fe,Castellanos,5616,2020-10-19,2020-10-17,191,2938,2080,598,20,3927,0,0.006,0.007,0.748,35,0.012,4,0.001,2,0.001,6,6.9,4.5,15.2
Santa Fe,Constitución,3229,2020-10-19,2020-10-16,186,2059,972,198,29,2624,0,0.013,0.014,0.785,67,0.033,30,0.015,21,0.01,7.3,8.3,8.4,16.8
Santa Fe,Garay,433,2020-10-19,2020-10-17,122,142,256,35,0,358,0,0,0,0.397,7,0.049,2,0.014,1,0.007,4.7,4,2,NA
Santa Fe,General López,9503,2020-10-19,2020-10-19,204,6049,2927,527,69,8102,0,0.01,0.011,0.747,98,0.016,48,0.008,43,0.007,6.1,6.7,4.6,13.2
Santa Fe,General Obligado,2204,2020-10-19,2020-10-18,171,500,1404,300,9,1681,0,0.011,0.018,0.297,24,0.048,6,0.012,4,0.008,5,4.5,7.5,20.6
Santa Fe,Iriondo,2028,2020-10-19,2020-10-17,176,1283,655,90,8,1547,0,0.006,0.006,0.829,24,0.019,12,0.009,3,0.002,5.3,6.3,3.6,6
Santa Fe,La Capital,20284,2020-10-19,2020-10-19,204,8647,10387,1249,76,16615,1,0.008,0.009,0.52,220,0.025,48,0.006,23,0.003,6.2,5.8,4.1,13.1
Santa Fe,Las Colonias,2460,2020-10-19,2020-10-19,173,1067,1172,221,6,1912,0,0.005,0.006,0.558,39,0.037,2,0.002,0,0,5,4,4,10.3
Santa Fe,Rosario,79374,2020-10-19,2020-10-18,219,46678,29008,3688,516,61487,0,0.01,0.011,0.759,973,0.021,228,0.005,126,0.003,6.5,8.5,5.8,12.5
Santa Fe,San Cristóbal,546,2020-10-19,2020-10-18,133,184,316,46,1,379,0,0.004,0.005,0.485,13,0.071,1,0.005,1,0.005,5.9,4.7,1,16
Santa Fe,San Javier,303,2020-10-19,2020-10-16,84,123,161,19,1,257,0,0.007,0.008,0.479,5,0.041,1,0.008,0,0,4.7,4.6,6,2
Santa Fe,San Jerónimo,2128,2020-10-19,2020-10-17,167,1046,881,201,3,1607,0,0.002,0.003,0.651,22,0.021,10,0.01,2,0.002,4.7,4.2,5.9,11.7
Santa Fe,San Justo,530,2020-10-19,2020-10-17,112,139,335,56,1,424,0,0.005,0.007,0.328,9,0.065,0,0,0,0,4.4,3.5,NA,3
Santa Fe,San Lorenzo,7586,2020-10-19,2020-10-17,212,4737,2538,311,28,6601,0,0.006,0.006,0.718,86,0.018,26,0.005,15,0.003,6.4,7.8,6.6,14.4
Santa Fe,San Martín,1289,2020-10-19,2020-10-17,153,729,452,108,3,857,0,0.004,0.004,0.851,11,0.015,2,0.003,2,0.003,7.3,8.2,14,36.3
Santa Fe,Vera,646,2020-10-19,2020-10-16,124,199,408,39,1,576,0,0.004,0.005,0.345,8,0.04,3,0.015,0,0,6,5.4,3.3,3
Santiago del Estero,Aguirre,91,2020-10-17,2020-10-14,42,15,75,1,1,88,0,0.062,0.067,0.17,0,0,0,0,0,0,3.4,3.4,NA,2
Santiago del Estero,Alberdi,257,2020-10-19,2020-10-11,74,27,223,7,2,241,0,0.059,0.074,0.112,1,0.037,0,0,0,0,-0.7,1,NA,9
Santiago del Estero,Atamisqui,311,2020-10-19,2020-10-11,90,35,269,7,0,300,0,0,0,0.117,1,0.029,0,0,0,0,4.6,6,NA,NA
Santiago del Estero,Avellaneda,649,2020-10-19,2020-10-11,109,49,586,14,0,616,0,0,0,0.08,0,0,0,0,0,0,12.8,13.5,NA,NA
Santiago del Estero,Banda,4645,2020-10-19,2020-10-19,159,1510,2625,510,30,3990,0,0.015,0.02,0.378,39,0.026,5,0.003,3,0.002,4,3.6,4.5,12.6
Santiago del Estero,Belgrano,160,2020-10-16,2020-10-11,55,13,145,2,0,153,0,0,0,0.085,0,0,0,0,0,0,0.6,0.2,NA,NA
Santiago del Estero,Capital,12351,2020-10-19,2020-10-19,187,4246,6978,1126,51,10668,1,0.009,0.012,0.398,66,0.016,3,0.001,0,0,3.8,3.7,4,8.2
Santiago del Estero,Choya,453,2020-10-18,2020-10-15,92,60,280,113,1,317,0,0.006,0.017,0.189,2,0.033,1,0.017,1,0.017,6,4.6,7,18
Santiago del Estero,Copo,412,2020-10-19,2020-10-15,98,17,382,13,1,383,0,0.033,0.059,0.044,2,0.118,0,0,0,0,1.5,5.5,NA,NA
Santiago del Estero,Figueroa,405,2020-10-18,2020-10-15,103,65,328,12,0,381,0,0,0,0.171,0,0,0,0,0,0,2.9,4.8,NA,NA
Santiago del Estero,General Taboada,476,2020-10-18,2020-10-10,100,42,359,75,4,391,0,0.034,0.095,0.107,4,0.095,0,0,0,0,17.2,6.8,NA,43.5
Santiago del Estero,Guasayán,169,2020-10-16,2020-10-11,44,11,152,6,0,155,0,0,0,0.071,0,0,0,0,0,0,2,2,NA,NA
Santiago del Estero,Jiménez,478,2020-10-18,2020-10-17,91,67,393,18,0,446,0,0,0,0.15,1,0.015,0,0,0,0,1.8,-5.2,NA,NA
Santiago del Estero,Juan F. Ibarra,404,2020-10-18,2020-10-15,95,61,331,12,1,381,0,0.014,0.016,0.16,1,0.016,0,0,0,0,3.4,5.5,NA,NA
Santiago del Estero,Loreto,626,2020-10-17,2020-10-13,107,83,445,98,0,514,0,0,0,0.161,0,0,0,0,0,0,3.2,-5.2,NA,NA
Santiago del Estero,Moreno,403,2020-10-19,2020-10-15,116,61,318,23,0,371,1,0,0,0.164,2,0.033,1,0.016,1,0.016,2.7,5,3,NA
Santiago del Estero,Ojo de Agua,525,2020-10-15,2020-10-13,85,12,496,17,0,498,0,0,0,0.024,0,0,0,0,0,0,4,5,NA,NA
Santiago del Estero,Pellegrini,404,2020-10-19,2020-10-15,98,49,350,5,0,387,0,0,0,0.127,0,0,0,0,0,0,4,5.1,NA,NA
Santiago del Estero,Quebrachos,416,2020-10-17,2020-10-17,63,36,367,13,0,396,0,0,0,0.091,0,0,0,0,0,0,2.2,3,NA,NA
Santiago del Estero,Rivadavia,62,2020-09-19,2020-09-14,33,2,59,1,0,56,0,0,0,0.036,0,0,0,0,0,0,7,3,NA,NA
Santiago del Estero,Robles,2297,2020-10-19,2020-10-16,153,262,1942,93,1,2167,0,0.003,0.004,0.121,1,0.004,0,0,0,0,1.5,-0.3,NA,NA
Santiago del Estero,Río Hondo,1108,2020-10-19,2020-10-17,135,157,911,40,1,1033,0,0.005,0.006,0.152,2,0.013,0,0,0,0,1,1.8,NA,NA
Santiago del Estero,SIN ESPECIFICAR,31,2020-10-16,2020-10-14,25,5,24,2,0,29,0,0,0,0.172,0,0,0,0,0,0,1.2,7.8,NA,NA
Santiago del Estero,Salavina,325,2020-10-18,2020-10-15,71,15,302,8,0,310,0,0,0,0.048,0,0,0,0,0,0,2,4,NA,NA
Santiago del Estero,San Martín,384,2020-10-19,2020-10-15,91,27,339,18,1,354,0,0.022,0.037,0.076,1,0.037,0,0,0,0,2.6,4,NA,NA
Santiago del Estero,Sarmiento,71,2020-10-15,2020-10-14,31,5,63,3,0,68,0,0,0,0.074,0,0,0,0,0,0,1,0,NA,NA
Santiago del Estero,Silípica,303,2020-10-19,2020-10-14,65,26,269,8,0,286,0,0,0,0.091,0,0,0,0,0,0,5.8,5.7,NA,NA
Tierra del Fuego,Islas del Atlántico Sur,13,NA,NA,0,13,0,0,0,0,0,0,0,Inf,0,0,0,0,0,0,NA,NA,NA,NA
Tierra del Fuego,Río Grande,12852,2020-10-19,2020-10-17,196,6326,5202,1324,96,10022,0,0.013,0.015,0.631,121,0.019,48,0.008,41,0.006,6.8,9.4,9.9,15.9
Tierra del Fuego,SIN ESPECIFICAR,491,2020-10-18,2020-10-15,99,200,246,45,2,368,0,0.008,0.01,0.543,2,0.01,1,0.005,1,0.005,5.3,14.4,12,12
Tierra del Fuego,Ushuaia,4949,2020-10-19,2020-10-17,212,1842,2965,141,3,4405,1,0.002,0.002,0.418,38,0.021,5,0.003,3,0.002,8.8,7.3,10.4,17.3
Tucumán,Burruyacú,1188,2020-10-19,2020-10-16,149,439,521,227,9,900,1,0.014,0.021,0.488,9,0.021,4,0.009,0,0,10,4.7,4,8.7
Tucumán,Capital,33770,2020-10-19,2020-10-18,214,18418,8068,7280,267,22988,4,0.01,0.014,0.801,131,0.007,28,0.002,11,0.001,9.9,4.8,5.4,11.4
Tucumán,Chicligasta,2684,2020-10-19,2020-10-15,176,1133,938,613,16,1953,0,0.009,0.014,0.58,14,0.012,3,0.003,0,0,12,4.6,7,6.9
Tucumán,Cruz Alta,12023,2020-10-19,2020-10-19,207,5754,3051,3218,69,7438,0,0.008,0.012,0.774,105,0.018,12,0.002,4,0.001,9.6,3.6,2.5,10.4
Tucumán,Famaillá,1283,2020-10-19,2020-10-16,146,452,476,355,8,851,0,0.01,0.018,0.531,3,0.007,1,0.002,1,0.002,7.6,4.5,3,7.9
Tucumán,Graneros,211,2020-10-19,2020-10-18,62,51,78,82,2,116,0,0.015,0.039,0.44,2,0.039,0,0,0,0,7.3,4.8,NA,2
Tucumán,Juan Bautista Alberdi,588,2020-10-18,2020-10-15,101,192,201,195,3,365,0,0.008,0.016,0.526,3,0.016,0,0,0,0,8.3,5.2,NA,10.7
Tucumán,La Cocha,466,2020-10-17,2020-10-10,96,83,218,165,0,291,0,0,0,0.285,1,0.012,0,0,0,0,5.7,3.6,NA,NA
Tucumán,Leales,2047,2020-10-19,2020-10-17,154,777,506,764,9,1120,0,0.006,0.012,0.694,5,0.006,1,0.001,1,0.001,9.9,3.4,7,12.5
Tucumán,Lules,2665,2020-10-19,2020-10-17,179,1300,684,681,10,1734,0,0.005,0.008,0.75,5,0.004,1,0.001,0,0,11.4,5.7,8,11.7
Tucumán,Monteros,1964,2020-10-19,2020-10-17,175,553,878,532,13,1362,1,0.012,0.024,0.406,5,0.009,1,0.002,1,0.002,7.1,3.2,3,14.3
Tucumán,Río Chico,1602,2020-10-19,2020-10-15,156,456,613,533,7,1027,0,0.007,0.015,0.444,1,0.002,1,0.002,1,0.002,4.1,1.3,5,7.6
Tucumán,SIN ESPECIFICAR,569,2020-10-19,2020-10-13,111,153,139,277,1,262,0,0.002,0.007,0.584,2,0.013,0,0,0,0,7,5.9,NA,5
Tucumán,Simoca,839,2020-10-17,2020-10-15,133,223,372,244,4,565,0,0.009,0.018,0.395,0,0,0,0,0,0,7.1,3.5,NA,11
Tucumán,Tafí Viejo,6622,2020-10-19,2020-10-17,207,3386,1800,1435,28,4706,1,0.006,0.008,0.72,44,0.013,6,0.002,4,0.001,10.1,4.6,1.8,9.7
Tucumán,Tafí del Valle,678,2020-10-18,2020-10-17,83,273,116,289,3,357,0,0.005,0.011,0.765,0,0,0,0,0,0,10.9,5.1,NA,20
Tucumán,Trancas,590,2020-10-19,2020-10-11,115,159,295,136,2,426,0,0.007,0.013,0.373,4,0.025,3,0.019,1,0.006,6.5,4.8,7,10
Tucumán,Yerba Buena,4725,2020-10-19,2020-10-19,205,2311,1431,983,20,3301,0,0.006,0.009,0.7,15,0.006,4,0.002,2,0.001,8.7,3.9,4.3,10.4
