residencia_provincia_nombre,sepi_apertura,n,max_fecha_diagnostico,max_fecha_inicio_sintomas,count_fecha_diagnostico,confirmados,descartados,sospechosos,fallecidos,tests,sin.clasificar,letalidad.min.porc,letalidad.max.porc,positividad.porc,internados,internados.porc,cuidado.intensivo,cuidado.intensivo.porc,respirador,respirador.porc,dias.diagnostico,dias.apertura,dias.cuidado.intensivo,dias.fallecimiento,dias.inicio,confirmados.inc,confirmados.rate,fallecidos.inc,tests.inc,tests.rate,sospechosos.inc
Buenos Aires,10,47,2020-03-15,2020-03-07,13,2,44,1,0,29,0,0,0,0.069,2,1,1,0.5,1,0.5,6,4,7,NaN,4,NA,NA,NA,NA,NA,NA
Buenos Aires,11,251,2020-03-26,2020-03-13,23,24,215,12,2,187,0,0.056,0.083,0.128,24,1,4,0.167,3,0.125,7,3.8,4.5,14,5,NA,NA,NA,NA,NA,NA
Buenos Aires,12,710,2020-05-28,2020-03-21,38,112,563,35,4,534,0,0.027,0.036,0.21,90,0.804,13,0.116,7,0.062,8.1,3.4,8.5,15.5,6,NA,NA,NA,NA,NA,NA
Buenos Aires,13,1663,2020-06-15,2020-04-30,56,293,1307,63,20,1360,0,0.056,0.068,0.215,215,0.734,34,0.116,22,0.075,8.6,3.9,7.1,14.9,7,NA,NA,NA,NA,NA,NA
Buenos Aires,14,3699,2020-06-20,2020-06-05,67,465,3114,120,40,3297,0,0.068,0.086,0.141,341,0.733,56,0.12,37,0.08,9,4.6,6.9,15.8,8,NA,NA,NA,NA,NA,NA
Buenos Aires,15,6548,2020-06-20,2020-06-10,82,649,5705,194,67,6054,0,0.079,0.103,0.107,449,0.692,80,0.123,49,0.076,8.8,4.8,6.6,15.6,9,NA,NA,NA,NA,NA,NA
Buenos Aires,16,10903,2020-06-21,2020-06-10,99,966,9666,271,90,10311,0,0.073,0.093,0.094,593,0.614,94,0.097,55,0.057,9,4.9,6.8,17.1,10,NA,NA,NA,NA,NA,NA
Buenos Aires,17,17207,2020-06-21,2020-06-18,110,1437,15392,378,133,16484,0,0.073,0.093,0.087,780,0.543,118,0.082,65,0.045,8.7,4.8,8,16,11,NA,NA,NA,NA,NA,NA
Buenos Aires,18,22774,2020-06-21,2020-06-18,111,1833,20470,471,167,21946,0,0.072,0.091,0.084,909,0.496,131,0.071,72,0.039,8.5,4.6,7.7,15.7,12,NA,NA,NA,NA,NA,NA
Buenos Aires,19,28354,2020-06-21,2020-06-18,114,2231,25522,601,194,27383,0,0.069,0.087,0.081,1039,0.466,146,0.065,74,0.033,8.2,4.5,7.5,15.5,13,NA,NA,NA,NA,NA,NA
Buenos Aires,20,35382,2020-06-21,2020-06-19,114,2886,31701,795,222,34209,0,0.06,0.077,0.084,1284,0.445,172,0.06,85,0.029,7.8,4.4,7.1,15,14,NA,NA,NA,NA,NA,NA
Buenos Aires,21,45123,2020-06-21,2020-06-19,115,4411,39583,1129,273,43602,0,0.049,0.062,0.101,1762,0.399,224,0.051,101,0.023,6.9,4.1,6.7,14.3,15,NA,NA,NA,NA,NA,NA
Buenos Aires,22,56565,2020-06-21,2020-06-20,115,6440,48597,1528,321,54642,0,0.04,0.05,0.118,2274,0.353,284,0.044,121,0.019,6.5,4,6.3,13.9,16,NA,NA,NA,NA,NA,NA
Buenos Aires,23,70710,2020-06-21,2020-06-20,115,9229,59101,2380,382,67925,0,0.033,0.041,0.136,2849,0.309,360,0.039,149,0.016,6.2,4,5.9,13.2,17,NA,NA,NA,NA,NA,NA
Buenos Aires,24,89199,2020-06-21,2020-06-20,115,13907,71657,3634,432,85147,1,0.025,0.031,0.163,3679,0.265,428,0.031,177,0.013,5.7,3.9,5.6,12.6,18,NA,NA,NA,NA,NA,NA
Buenos Aires,25,111727,2020-06-21,2020-06-20,115,19206,83239,9281,448,102021,1,0.016,0.023,0.188,4331,0.226,470,0.024,189,0.01,5.5,3.9,5.4,12.3,19,NA,NA,NA,NA,NA,NA
Buenos Aires,26,113063,2020-06-21,2020-06-21,115,19276,83343,10443,448,102193,1,0.015,0.023,0.189,4331,0.225,470,0.024,189,0.01,5.5,3.9,5.4,12.3,20,NA,NA,NA,NA,NA,NA
CABA,10,47,2020-05-29,2020-03-05,13,8,36,3,1,34,0,0.091,0.125,0.235,5,0.625,1,0.125,1,0.125,3.6,2,0,3,3,NA,NA,NA,NA,NA,NA
CABA,11,241,2020-06-18,2020-03-14,26,36,191,14,2,208,0,0.04,0.056,0.173,27,0.75,5,0.139,3,0.083,7.7,2.7,3.6,7.5,4,NA,NA,NA,NA,NA,NA
CABA,12,629,2020-06-18,2020-05-19,34,141,453,35,4,568,0,0.023,0.028,0.248,105,0.745,11,0.078,8,0.057,7,3.6,5.1,22.2,5,NA,NA,NA,NA,NA,NA
CABA,13,1313,2020-06-18,2020-05-19,46,314,941,58,19,1225,0,0.051,0.061,0.256,246,0.783,32,0.102,19,0.061,7.1,3.8,4.4,19.5,6,NA,NA,NA,NA,NA,NA
CABA,14,2629,2020-06-21,2020-05-30,67,494,2039,96,36,2500,0,0.061,0.073,0.198,386,0.781,50,0.101,29,0.059,8,4.4,5.3,18.7,7,NA,NA,NA,NA,NA,NA
CABA,15,4377,2020-06-21,2020-05-30,83,632,3567,178,52,4151,0,0.064,0.082,0.152,477,0.755,65,0.103,37,0.059,8.2,4.5,5.1,17.1,8,NA,NA,NA,NA,NA,NA
CABA,16,6469,2020-06-21,2020-06-12,100,765,5392,312,63,6105,0,0.058,0.082,0.125,556,0.727,72,0.094,41,0.054,8.1,4.4,5.4,16.3,9,NA,NA,NA,NA,NA,NA
CABA,17,9147,2020-06-21,2020-06-12,110,1106,7619,422,108,8653,0,0.071,0.098,0.128,771,0.697,90,0.081,51,0.046,7.9,4.1,5.4,15.8,10,NA,NA,NA,NA,NA,NA
CABA,18,11734,2020-06-21,2020-06-12,113,1397,9828,509,122,11144,0,0.064,0.087,0.125,918,0.657,97,0.069,56,0.04,7.5,4,5.4,16.8,11,NA,NA,NA,NA,NA,NA
CABA,19,14833,2020-06-21,2020-06-12,114,2109,12120,604,148,14142,0,0.055,0.07,0.149,1264,0.599,122,0.058,67,0.032,6.7,3.8,5.5,17.3,12,NA,NA,NA,NA,NA,NA
CABA,20,19308,2020-06-21,2020-06-12,114,3437,15083,788,171,18428,0,0.04,0.05,0.187,1712,0.498,162,0.047,84,0.024,6,3.7,5.6,17.1,13,NA,NA,NA,NA,NA,NA
CABA,21,26001,2020-06-21,2020-06-16,114,5720,19098,1183,216,24724,0,0.031,0.038,0.231,2376,0.415,233,0.041,127,0.022,5.5,3.7,5.5,16.3,14,NA,NA,NA,NA,NA,NA
CABA,22,33776,2020-06-21,2020-06-16,114,8394,23861,1521,284,32157,0,0.029,0.034,0.261,3094,0.369,296,0.035,160,0.019,5.2,3.7,5.5,15.8,15,NA,NA,NA,NA,NA,NA
CABA,23,41912,2020-06-21,2020-06-18,114,11227,28849,1836,333,39976,0,0.025,0.03,0.281,3758,0.335,357,0.032,181,0.016,5,3.8,5.3,15,16,NA,NA,NA,NA,NA,NA
CABA,24,52197,2020-06-21,2020-06-19,114,14951,34721,2524,360,49570,1,0.021,0.024,0.302,4564,0.305,409,0.027,201,0.013,4.9,3.8,5.2,14.4,17,NA,NA,NA,NA,NA,NA
CABA,25,63923,2020-06-21,2020-06-20,114,18708,40105,5109,372,58709,1,0.016,0.02,0.319,5147,0.275,450,0.024,215,0.011,4.7,3.7,5,14.1,18,NA,NA,NA,NA,NA,NA
CABA,26,64999,2020-06-21,2020-06-21,114,18780,40197,6021,372,58873,1,0.015,0.02,0.319,5151,0.274,450,0.024,215,0.011,4.7,3.7,5,14.1,19,NA,NA,NA,NA,NA,NA
Chaco,10,3,2020-03-12,2020-03-05,2,3,0,0,0,3,0,0,0,1,0,0,0,0,0,0,7.3,4.3,NaN,NaN,0,NA,NA,NA,NA,NA,NA
Chaco,11,78,2020-03-19,2020-03-12,8,12,61,5,2,73,0,0.118,0.167,0.164,3,0.25,2,0.167,0,0,6.8,3.8,6,15,1,NA,NA,NA,NA,NA,NA
Chaco,12,232,2020-04-20,2020-03-23,20,45,177,10,4,222,0,0.073,0.089,0.203,9,0.2,5,0.111,2,0.044,7.5,4.2,6.6,15.2,2,NA,NA,NA,NA,NA,NA
Chaco,13,648,2020-06-05,2020-03-28,40,98,506,44,6,604,0,0.042,0.061,0.162,17,0.173,8,0.082,4,0.041,8.9,4.1,6.8,12.2,3,NA,NA,NA,NA,NA,NA
Chaco,14,978,2020-06-05,2020-04-04,52,129,777,72,7,905,0,0.035,0.054,0.143,21,0.163,11,0.085,4,0.031,9.6,4.5,6.5,10.6,4,NA,NA,NA,NA,NA,NA
Chaco,15,1329,2020-06-15,2020-04-10,61,169,1072,88,8,1240,0,0.031,0.047,0.136,23,0.136,13,0.077,4,0.024,11,5.5,6.7,9.9,5,NA,NA,NA,NA,NA,NA
Chaco,16,2022,2020-06-18,2020-04-18,72,265,1643,114,12,1907,0,0.032,0.045,0.139,36,0.136,20,0.075,6,0.023,10.5,5.8,7.2,11.4,6,NA,NA,NA,NA,NA,NA
Chaco,17,2603,2020-06-18,2020-04-25,76,309,2171,123,18,2479,0,0.042,0.058,0.125,45,0.146,28,0.091,9,0.029,10.4,5.7,7,12.3,7,NA,NA,NA,NA,NA,NA
Chaco,18,3056,2020-06-18,2020-05-02,77,349,2566,141,23,2914,0,0.047,0.066,0.12,59,0.169,34,0.097,13,0.037,9.9,5.6,6.6,12.1,8,NA,NA,NA,NA,NA,NA
Chaco,19,3607,2020-06-18,2020-05-11,78,477,2981,149,33,3457,0,0.053,0.069,0.138,81,0.17,45,0.094,21,0.044,8.7,5.3,6.3,14.3,9,NA,NA,NA,NA,NA,NA
Chaco,20,4366,2020-06-18,2020-06-15,82,596,3612,158,45,4207,0,0.06,0.076,0.142,110,0.185,57,0.096,31,0.052,8.1,5.2,6.3,15,10,NA,NA,NA,NA,NA,NA
Chaco,21,5400,2020-06-18,2020-06-15,88,766,4454,180,61,5219,0,0.064,0.08,0.147,143,0.187,65,0.085,38,0.05,7.5,5,6.3,15.4,11,NA,NA,NA,NA,NA,NA
Chaco,22,6431,2020-06-18,2020-06-15,94,904,5311,216,70,6214,0,0.062,0.077,0.145,167,0.185,75,0.083,45,0.05,7.3,5,6.2,14.8,12,NA,NA,NA,NA,NA,NA
Chaco,23,7594,2020-06-20,2020-06-15,100,1099,6217,278,76,7313,0,0.055,0.069,0.15,191,0.174,82,0.075,48,0.044,7.1,5,6,14.8,13,NA,NA,NA,NA,NA,NA
Chaco,24,8931,2020-06-21,2020-06-15,102,1359,7112,460,83,8465,0,0.046,0.061,0.161,210,0.155,90,0.066,52,0.038,6.9,4.9,5.8,14.5,14,NA,NA,NA,NA,NA,NA
Chaco,25,10606,2020-06-21,2020-06-20,102,1581,8028,997,84,9602,0,0.033,0.053,0.165,219,0.139,90,0.057,52,0.033,6.7,4.9,5.8,14.3,15,NA,NA,NA,NA,NA,NA
Chaco,26,10728,2020-06-21,2020-06-20,102,1582,8040,1106,84,9615,0,0.031,0.053,0.165,219,0.138,90,0.057,52,0.033,6.7,4.9,5.8,14.3,16,NA,NA,NA,NA,NA,NA
Chubut,15,84,2020-04-14,2020-04-07,20,1,82,1,0,80,0,0,0,0.013,1,1,0,0,0,0,10,6,NaN,NaN,4,NA,NA,NA,NA,NA,NA
Chubut,16,103,2020-04-20,2020-04-14,25,1,100,2,0,96,0,0,0,0.01,1,1,0,0,0,0,10,6,NaN,NaN,5,NA,NA,NA,NA,NA,NA
Chubut,17,139,2020-04-28,2020-04-24,31,2,134,3,0,131,0,0,0,0.015,1,0.5,0,0,0,0,10,6,NaN,NaN,6,NA,NA,NA,NA,NA,NA
Chubut,18,176,2020-05-04,2020-05-01,38,4,169,3,0,168,0,0,0,0.024,3,0.75,1,0.25,1,0.25,11,9,12,NaN,7,NA,NA,NA,NA,NA,NA
Chubut,19,204,2020-05-11,2020-05-06,43,4,197,3,0,196,0,0,0,0.02,3,0.75,1,0.25,1,0.25,11,9,12,NaN,8,NA,NA,NA,NA,NA,NA
Chubut,20,251,2020-05-17,2020-05-16,49,4,244,3,0,242,0,0,0,0.017,3,0.75,1,0.25,1,0.25,11,9,12,NaN,9,NA,NA,NA,NA,NA,NA
Chubut,21,304,2020-05-25,2020-05-23,56,4,297,3,0,294,0,0,0,0.014,3,0.75,1,0.25,1,0.25,11,9,12,NaN,10,NA,NA,NA,NA,NA,NA
Chubut,22,365,2020-05-30,2020-06-10,61,10,350,5,1,353,0,0.067,0.1,0.028,3,0.3,1,0.1,1,0.1,7.3,5.7,12,19,11,NA,NA,NA,NA,NA,NA
Chubut,23,510,2020-06-11,2020-06-10,71,20,483,7,1,495,0,0.037,0.05,0.04,3,0.15,1,0.05,1,0.05,5.9,5.3,12,19,12,NA,NA,NA,NA,NA,NA
Chubut,24,677,2020-06-18,2020-06-15,78,45,621,11,1,658,0,0.018,0.022,0.068,3,0.067,1,0.022,1,0.022,5.9,5.4,12,19,13,NA,NA,NA,NA,NA,NA
Chubut,25,1037,2020-06-20,2020-06-20,82,92,836,109,1,920,0,0.005,0.011,0.1,3,0.033,1,0.011,1,0.011,5.7,5.5,12,19,14,NA,NA,NA,NA,NA,NA
Chubut,26,1041,2020-06-21,2020-06-20,83,92,837,112,1,921,0,0.005,0.011,0.1,3,0.033,1,0.011,1,0.011,5.7,5.5,12,19,15,NA,NA,NA,NA,NA,NA
Córdoba,10,9,2020-03-08,2020-03-05,3,1,8,0,0,8,0,0,0,0.125,1,1,0,0,0,0,4,1,NaN,NaN,2,NA,NA,NA,NA,NA,NA
Córdoba,11,78,2020-03-30,2020-04-08,12,5,70,3,0,70,0,0,0,0.071,1,0.2,0,0,0,0,8.5,3.8,NaN,NaN,3,NA,NA,NA,NA,NA,NA
Córdoba,12,294,2020-04-11,2020-04-08,23,33,254,7,2,280,0,0.05,0.061,0.118,13,0.394,4,0.121,3,0.091,7.9,3.1,12,32,4,NA,NA,NA,NA,NA,NA
Córdoba,13,792,2020-06-05,2020-06-11,35,88,692,12,3,768,0,0.03,0.034,0.115,21,0.239,7,0.08,4,0.045,9.9,4.4,9.6,26.3,5,NA,NA,NA,NA,NA,NA
Córdoba,14,1466,2020-06-20,2020-06-11,44,145,1295,26,4,1428,0,0.023,0.028,0.102,28,0.193,11,0.076,6,0.041,10,5.8,8.4,21.2,6,NA,NA,NA,NA,NA,NA
Córdoba,15,2643,2020-06-20,2020-06-11,52,209,2399,35,15,2596,0,0.061,0.072,0.081,60,0.287,17,0.081,8,0.038,8.6,5.5,7.4,29.2,7,NA,NA,NA,NA,NA,NA
Córdoba,16,4207,2020-06-20,2020-06-11,61,252,3875,80,19,4115,0,0.057,0.075,0.061,79,0.313,18,0.071,8,0.032,7.6,5.1,7,27.7,8,NA,NA,NA,NA,NA,NA
Córdoba,17,5516,2020-06-20,2020-06-11,74,277,5134,105,22,5397,0,0.058,0.079,0.051,90,0.325,21,0.076,8,0.029,7.4,4.7,6.5,25.7,9,NA,NA,NA,NA,NA,NA
Córdoba,18,6833,2020-06-20,2020-06-11,82,312,6390,131,28,6688,0,0.063,0.09,0.047,97,0.311,24,0.077,9,0.029,7.1,4.6,6,24.6,10,NA,NA,NA,NA,NA,NA
Córdoba,19,8604,2020-06-20,2020-06-15,83,341,8103,160,30,8429,0,0.06,0.088,0.04,103,0.302,25,0.073,10,0.029,6.9,4.5,5.8,24,11,NA,NA,NA,NA,NA,NA
Córdoba,20,10350,2020-06-20,2020-06-15,87,381,9775,194,35,10140,0,0.061,0.092,0.038,114,0.299,30,0.079,12,0.031,6.4,4.3,5.8,23.1,12,NA,NA,NA,NA,NA,NA
Córdoba,21,12131,2020-06-20,2020-06-15,92,449,11451,231,35,11884,0,0.051,0.078,0.038,115,0.256,30,0.067,12,0.027,6.1,4.3,5.8,23.1,13,NA,NA,NA,NA,NA,NA
Córdoba,22,13630,2020-06-20,2020-06-15,95,458,12916,256,35,13358,0,0.049,0.076,0.034,116,0.253,30,0.066,12,0.026,6.1,4.3,5.8,23.1,14,NA,NA,NA,NA,NA,NA
Córdoba,23,15045,2020-06-20,2020-06-15,97,465,14297,283,35,14746,0,0.047,0.075,0.032,118,0.254,30,0.065,12,0.026,6,4.3,5.8,23.1,15,NA,NA,NA,NA,NA,NA
Córdoba,24,16497,2020-06-20,2020-06-15,101,490,15675,332,35,16148,0,0.043,0.071,0.03,119,0.243,30,0.061,12,0.024,6,4.4,5.8,23.1,16,NA,NA,NA,NA,NA,NA
Córdoba,25,18401,2020-06-21,2020-06-19,104,552,17294,554,35,17829,1,0.032,0.063,0.031,122,0.221,30,0.054,12,0.022,5.9,4.5,5.8,23.1,17,NA,NA,NA,NA,NA,NA
Córdoba,26,18652,2020-06-21,2020-06-20,104,565,17296,790,35,17844,1,0.026,0.062,0.032,122,0.216,30,0.053,12,0.021,5.9,4.5,5.8,23.1,18,NA,NA,NA,NA,NA,NA
Corrientes,12,41,2020-04-15,2020-03-17,9,5,31,5,0,36,0,0,0,0.139,0,0,0,0,0,0,12,5.5,NaN,NaN,2,NA,NA,NA,NA,NA,NA
Corrientes,13,174,2020-06-06,2020-03-28,20,24,138,12,0,161,0,0,0,0.149,1,0.042,0,0,0,0,11.5,5.9,NaN,NaN,3,NA,NA,NA,NA,NA,NA
Corrientes,14,333,2020-06-06,2020-04-02,24,27,252,54,0,278,0,0,0,0.097,1,0.037,0,0,0,0,10.8,5.8,NaN,NaN,4,NA,NA,NA,NA,NA,NA
Corrientes,15,637,2020-06-06,2020-04-11,31,31,539,67,0,569,0,0,0,0.054,1,0.032,0,0,0,0,10.8,5.8,NaN,NaN,5,NA,NA,NA,NA,NA,NA
Corrientes,16,873,2020-06-12,2020-04-14,36,37,754,82,0,790,0,0,0,0.047,1,0.027,0,0,0,0,9.8,6,NaN,NaN,6,NA,NA,NA,NA,NA,NA
Corrientes,17,1063,2020-06-15,2020-04-23,46,44,933,86,0,976,0,0,0,0.045,1,0.023,0,0,0,0,9.1,6,NaN,NaN,7,NA,NA,NA,NA,NA,NA
Corrientes,18,1144,2020-06-17,2020-05-01,56,52,995,97,0,1046,0,0,0,0.05,1,0.019,1,0.019,0,0,10.2,5.8,NaN,NaN,8,NA,NA,NA,NA,NA,NA
Corrientes,19,1321,2020-06-17,2020-05-25,64,57,1163,101,0,1219,0,0,0,0.047,1,0.018,1,0.018,0,0,9.9,5.6,NaN,NaN,9,NA,NA,NA,NA,NA,NA
Corrientes,20,1599,2020-06-17,2020-05-25,71,80,1417,102,0,1496,0,0,0,0.053,1,0.013,1,0.013,0,0,9.9,5.6,NaN,NaN,10,NA,NA,NA,NA,NA,NA
Corrientes,21,2098,2020-06-17,2020-05-25,79,81,1907,110,0,1987,0,0,0,0.041,1,0.012,1,0.012,0,0,9.9,5.6,NaN,NaN,11,NA,NA,NA,NA,NA,NA
Corrientes,22,2498,2020-06-17,2020-05-28,84,90,2284,124,0,2373,0,0,0,0.038,2,0.022,1,0.011,0,0,10.2,5.6,NaN,NaN,12,NA,NA,NA,NA,NA,NA
Corrientes,23,2872,2020-06-19,2020-06-04,88,100,2643,129,0,2742,0,0,0,0.036,2,0.02,1,0.01,0,0,9.9,5.5,NaN,NaN,13,NA,NA,NA,NA,NA,NA
Corrientes,24,3064,2020-06-19,2020-06-09,92,104,2810,150,0,2913,0,0,0,0.036,2,0.019,1,0.01,0,0,9.8,5.5,NaN,NaN,14,NA,NA,NA,NA,NA,NA
Corrientes,25,3422,2020-06-20,2020-06-19,94,115,3135,172,0,3249,0,0,0,0.035,3,0.026,1,0.009,0,0,9.5,5.4,NaN,NaN,15,NA,NA,NA,NA,NA,NA
Corrientes,26,3426,2020-06-20,2020-06-19,94,115,3135,176,0,3249,0,0,0,0.035,3,0.026,1,0.009,0,0,9.5,5.4,NaN,NaN,16,NA,NA,NA,NA,NA,NA
Entre Ríos,11,9,2020-03-17,2020-03-11,5,3,6,0,0,7,0,0,0,0.429,2,0.667,0,0,0,0,5,2,NaN,NaN,1,NA,NA,NA,NA,NA,NA
Entre Ríos,12,27,2020-03-24,2020-03-16,10,4,23,0,0,25,0,0,0,0.16,2,0.5,0,0,0,0,6.2,3,NaN,NaN,2,NA,NA,NA,NA,NA,NA
Entre Ríos,13,103,2020-04-03,2020-03-28,20,13,88,2,0,97,0,0,0,0.134,6,0.462,0,0,0,0,7.2,3.5,NaN,NaN,3,NA,NA,NA,NA,NA,NA
Entre Ríos,14,213,2020-04-06,2020-04-03,23,19,192,2,0,207,0,0,0,0.092,7,0.368,0,0,0,0,7.4,4.2,NaN,NaN,4,NA,NA,NA,NA,NA,NA
Entre Ríos,15,306,2020-04-16,2020-04-10,30,20,282,4,0,297,0,0,0,0.067,7,0.35,0,0,0,0,7.2,4.2,NaN,NaN,5,NA,NA,NA,NA,NA,NA
Entre Ríos,16,411,2020-04-29,2020-05-27,39,21,385,5,0,397,0,0,0,0.053,7,0.333,0,0,0,0,7.4,4.5,NaN,NaN,6,NA,NA,NA,NA,NA,NA
Entre Ríos,17,526,2020-06-05,2020-05-27,45,21,498,7,0,507,0,0,0,0.041,7,0.333,0,0,0,0,7.4,4.5,NaN,NaN,7,NA,NA,NA,NA,NA,NA
Entre Ríos,18,639,2020-06-18,2020-06-02,52,27,601,11,0,616,0,0,0,0.044,11,0.407,0,0,0,0,7.4,3.2,NaN,NaN,8,NA,NA,NA,NA,NA,NA
Entre Ríos,19,748,2020-06-18,2020-06-02,60,29,706,13,0,723,0,0,0,0.04,12,0.414,0,0,0,0,7.1,3.1,NaN,NaN,9,NA,NA,NA,NA,NA,NA
Entre Ríos,20,891,2020-06-18,2020-06-02,66,30,847,14,0,863,0,0,0,0.035,12,0.4,0,0,0,0,7.1,3.1,NaN,NaN,10,NA,NA,NA,NA,NA,NA
Entre Ríos,21,1052,2020-06-18,2020-06-06,77,31,1004,17,0,1020,0,0,0,0.03,13,0.419,0,0,0,0,6.9,2.4,NaN,NaN,11,NA,NA,NA,NA,NA,NA
Entre Ríos,22,1171,2020-06-18,2020-06-06,81,33,1118,20,0,1134,0,0,0,0.029,15,0.455,0,0,0,0,6.7,2.5,NaN,NaN,12,NA,NA,NA,NA,NA,NA
Entre Ríos,23,1379,2020-06-18,2020-06-06,87,54,1304,21,0,1340,0,0,0,0.04,23,0.426,0,0,0,0,6,3.2,NaN,NaN,13,NA,NA,NA,NA,NA,NA
Entre Ríos,24,1698,2020-06-20,2020-06-17,95,94,1567,37,0,1636,0,0,0,0.057,29,0.309,0,0,0,0,5.7,3.5,NaN,NaN,14,NA,NA,NA,NA,NA,NA
Entre Ríos,25,2060,2020-06-21,2020-06-20,97,145,1836,79,0,1955,0,0,0,0.074,33,0.228,0,0,0,0,5.8,4,NaN,NaN,15,NA,NA,NA,NA,NA,NA
Entre Ríos,26,2100,2020-06-21,2020-06-21,97,145,1839,116,0,1958,0,0,0,0.074,33,0.228,0,0,0,0,5.8,4,NaN,NaN,16,NA,NA,NA,NA,NA,NA
Formosa,23,724,2020-06-18,2020-06-11,69,14,680,30,0,693,0,0,0,0.02,0,0,0,0,0,0,1,-10,NaN,NaN,14,NA,NA,NA,NA,NA,NA
Formosa,24,765,2020-06-18,2020-06-11,75,35,696,34,0,730,0,0,0,0.048,0,0,0,0,0,0,1,-4.5,NaN,NaN,15,NA,NA,NA,NA,NA,NA
Formosa,25,774,2020-06-18,2020-06-15,78,39,701,34,0,739,0,0,0,0.053,0,0,0,0,0,0,1,-4.5,NaN,NaN,16,NA,NA,NA,NA,NA,NA
Jujuy,11,3,2020-03-17,2020-03-11,2,1,2,0,0,3,0,0,0,0.333,0,0,0,0,0,0,6,2,NaN,NaN,0,NA,NA,NA,NA,NA,NA
Jujuy,12,7,2020-03-21,2020-03-16,4,1,6,0,0,6,0,0,0,0.167,0,0,0,0,0,0,6,2,NaN,NaN,1,NA,NA,NA,NA,NA,NA
Jujuy,13,29,2020-04-03,2020-03-27,13,3,25,1,0,27,0,0,0,0.111,0,0,0,0,0,0,4.3,1.3,NaN,NaN,2,NA,NA,NA,NA,NA,NA
Jujuy,14,115,2020-04-04,2020-04-02,15,5,108,2,0,112,0,0,0,0.045,0,0,0,0,0,0,4.3,1.3,NaN,NaN,3,NA,NA,NA,NA,NA,NA
Jujuy,15,271,2020-04-14,2020-04-10,23,5,261,5,0,265,0,0,0,0.019,0,0,0,0,0,0,4.3,1.3,NaN,NaN,4,NA,NA,NA,NA,NA,NA
Jujuy,16,656,2020-04-18,2020-04-18,29,5,641,10,0,645,0,0,0,0.008,0,0,0,0,0,0,4.3,1.3,NaN,NaN,5,NA,NA,NA,NA,NA,NA
Jujuy,17,788,2020-04-27,2020-04-24,38,5,772,11,0,776,0,0,0,0.006,0,0,0,0,0,0,4.3,1.3,NaN,NaN,6,NA,NA,NA,NA,NA,NA
Jujuy,18,995,2020-05-09,2020-04-30,45,5,978,12,0,982,0,0,0,0.005,0,0,0,0,0,0,4.3,1.3,NaN,NaN,7,NA,NA,NA,NA,NA,NA
Jujuy,19,1226,2020-06-03,2020-05-08,53,5,1204,17,0,1208,0,0,0,0.004,0,0,0,0,0,0,4.3,1.3,NaN,NaN,8,NA,NA,NA,NA,NA,NA
Jujuy,20,1411,2020-06-03,2020-05-15,59,5,1381,24,0,1385,1,0,0,0.004,0,0,0,0,0,0,4.3,1.3,NaN,NaN,9,NA,NA,NA,NA,NA,NA
Jujuy,21,1615,2020-06-03,2020-05-23,66,5,1568,41,0,1572,1,0,0,0.003,0,0,0,0,0,0,4.3,1.3,NaN,NaN,10,NA,NA,NA,NA,NA,NA
Jujuy,22,1784,2020-06-03,2020-05-28,73,6,1722,55,1,1727,1,0.016,0.167,0.003,1,0.167,1,0.167,1,0.167,4.8,2.5,12,22,11,NA,NA,NA,NA,NA,NA
Jujuy,23,1963,2020-06-06,2020-06-06,78,6,1888,68,1,1893,1,0.014,0.167,0.003,1,0.167,1,0.167,1,0.167,4.8,2.5,12,22,12,NA,NA,NA,NA,NA,NA
Jujuy,24,2333,2020-06-13,2020-06-13,85,7,2237,88,1,2243,1,0.011,0.143,0.003,2,0.286,1,0.143,1,0.143,4.8,2.5,12,22,13,NA,NA,NA,NA,NA,NA
Jujuy,25,2483,2020-06-20,2020-06-18,92,12,2369,101,1,2380,1,0.009,0.083,0.005,2,0.167,1,0.083,1,0.083,3.8,2,12,22,14,NA,NA,NA,NA,NA,NA
Jujuy,26,2486,2020-06-20,2020-06-18,92,12,2369,104,1,2380,1,0.009,0.083,0.005,2,0.167,1,0.083,1,0.083,3.8,2,12,22,15,NA,NA,NA,NA,NA,NA
La Pampa,12,5,2020-03-24,2020-03-20,4,1,4,0,0,5,0,0,0,0.2,1,1,0,0,0,0,4,1,NaN,NaN,1,NA,NA,NA,NA,NA,NA
La Pampa,13,16,2020-03-31,2020-03-24,8,3,13,0,0,16,0,0,0,0.188,1,0.333,0,0,0,0,8.7,5.3,NaN,NaN,2,NA,NA,NA,NA,NA,NA
La Pampa,14,40,2020-04-08,2020-04-03,15,3,37,0,0,40,0,0,0,0.075,1,0.333,0,0,0,0,8.7,5.3,NaN,NaN,3,NA,NA,NA,NA,NA,NA
La Pampa,15,70,2020-04-11,2020-04-10,18,5,65,0,0,70,0,0,0,0.071,1,0.2,0,0,0,0,9,6.2,NaN,NaN,4,NA,NA,NA,NA,NA,NA
La Pampa,16,93,2020-04-20,2020-04-16,24,5,88,0,0,93,0,0,0,0.054,1,0.2,0,0,0,0,9,6.2,NaN,NaN,5,NA,NA,NA,NA,NA,NA
La Pampa,17,112,2020-04-27,2020-04-22,29,5,107,0,0,112,0,0,0,0.045,1,0.2,0,0,0,0,9,6.2,NaN,NaN,6,NA,NA,NA,NA,NA,NA
La Pampa,18,132,2020-05-02,2020-04-30,34,5,127,0,0,132,0,0,0,0.038,1,0.2,0,0,0,0,9,6.2,NaN,NaN,7,NA,NA,NA,NA,NA,NA
La Pampa,19,152,2020-06-17,2020-05-07,40,5,147,0,0,152,0,0,0,0.033,1,0.2,0,0,0,0,9,6.2,NaN,NaN,8,NA,NA,NA,NA,NA,NA
La Pampa,20,174,2020-06-17,2020-05-16,47,5,169,0,0,174,0,0,0,0.029,1,0.2,0,0,0,0,9,6.2,NaN,NaN,9,NA,NA,NA,NA,NA,NA
La Pampa,21,199,2020-06-17,2020-05-22,53,5,194,0,0,199,0,0,0,0.025,1,0.2,0,0,0,0,9,6.2,NaN,NaN,10,NA,NA,NA,NA,NA,NA
La Pampa,22,228,2020-06-17,2020-05-29,61,5,223,0,0,228,0,0,0,0.022,1,0.2,0,0,0,0,9,6.2,NaN,NaN,11,NA,NA,NA,NA,NA,NA
La Pampa,23,253,2020-06-17,2020-06-05,66,5,248,0,0,253,0,0,0,0.02,1,0.2,0,0,0,0,9,6.2,NaN,NaN,12,NA,NA,NA,NA,NA,NA
La Pampa,24,288,2020-06-17,2020-06-13,71,5,282,1,0,287,0,0,0,0.017,1,0.2,0,0,0,0,9,6.2,NaN,NaN,13,NA,NA,NA,NA,NA,NA
La Pampa,25,350,2020-06-19,2020-06-19,76,6,319,25,0,325,0,0,0,0.018,1,0.167,0,0,0,0,7.4,5.2,NaN,NaN,14,NA,NA,NA,NA,NA,NA
La Rioja,13,24,2020-04-01,2020-03-23,8,2,18,4,1,20,0,0.167,0.5,0.1,2,1,1,0.5,1,0.5,9.5,5.5,2,10,3,NA,NA,NA,NA,NA,NA
La Rioja,14,68,2020-04-21,2020-04-08,16,9,55,4,2,64,0,0.154,0.222,0.141,4,0.444,2,0.222,1,0.111,9.4,6.6,18,22,4,NA,NA,NA,NA,NA,NA
La Rioja,15,146,2020-04-21,2020-04-11,23,20,121,5,3,141,0,0.12,0.15,0.142,5,0.25,2,0.1,1,0.05,7.2,5.8,18,19.7,5,NA,NA,NA,NA,NA,NA
La Rioja,16,244,2020-04-29,2020-04-17,29,38,199,7,5,237,0,0.111,0.132,0.16,7,0.184,3,0.079,1,0.026,6.4,5.5,12,14.4,6,NA,NA,NA,NA,NA,NA
La Rioja,17,442,2020-04-29,2020-05-11,36,51,384,7,7,435,0,0.121,0.137,0.117,9,0.176,4,0.078,1,0.02,7.9,7,9.8,13,7,NA,NA,NA,NA,NA,NA
La Rioja,18,627,2020-05-03,2020-05-11,40,56,562,9,7,618,0,0.108,0.125,0.091,9,0.161,4,0.071,1,0.018,9.1,8.3,9.8,13,8,NA,NA,NA,NA,NA,NA
La Rioja,19,818,2020-05-10,2020-05-29,47,60,747,11,7,807,0,0.099,0.117,0.074,9,0.15,4,0.067,1,0.017,9.1,8.3,9.8,13,9,NA,NA,NA,NA,NA,NA
La Rioja,20,894,2020-05-30,2020-06-04,55,61,821,12,7,882,0,0.096,0.115,0.069,10,0.164,4,0.066,1,0.016,8.9,8.2,9.8,13,10,NA,NA,NA,NA,NA,NA
La Rioja,21,1175,2020-06-09,2020-06-05,65,64,1084,26,8,1148,1,0.089,0.125,0.056,11,0.172,4,0.062,1,0.016,8.8,7.7,9.8,12,11,NA,NA,NA,NA,NA,NA
La Rioja,22,1269,2020-06-09,2020-06-05,70,64,1178,26,8,1242,1,0.089,0.125,0.052,11,0.172,4,0.062,1,0.016,8.8,7.7,9.8,12,12,NA,NA,NA,NA,NA,NA
La Rioja,23,1340,2020-06-09,2020-06-05,76,64,1248,27,8,1312,1,0.088,0.125,0.049,11,0.172,4,0.062,1,0.016,8.8,7.7,9.8,12,13,NA,NA,NA,NA,NA,NA
La Rioja,24,1478,2020-06-13,2020-06-12,81,64,1383,30,8,1447,1,0.085,0.125,0.044,11,0.172,4,0.062,1,0.016,8.8,7.7,9.8,12,14,NA,NA,NA,NA,NA,NA
La Rioja,25,1554,2020-06-20,2020-06-19,88,64,1459,30,8,1523,1,0.085,0.125,0.042,11,0.172,4,0.062,1,0.016,8.8,7.7,9.8,12,15,NA,NA,NA,NA,NA,NA
La Rioja,26,1555,2020-06-20,2020-06-19,88,64,1459,31,8,1523,1,0.084,0.125,0.042,11,0.172,4,0.062,1,0.016,8.8,7.7,9.8,12,16,NA,NA,NA,NA,NA,NA
Mendoza,12,41,2020-03-25,2020-03-21,14,7,34,0,0,36,0,0,0,0.194,7,1,0,0,0,0,5.1,1.9,NaN,NaN,3,NA,NA,NA,NA,NA,NA
Mendoza,13,101,2020-04-09,2020-03-26,24,21,78,2,4,94,0,0.174,0.19,0.223,21,1,4,0.19,3,0.143,8.3,3.8,7.2,17.5,4,NA,NA,NA,NA,NA,NA
Mendoza,14,190,2020-04-15,2020-04-04,31,33,154,3,5,181,0,0.139,0.152,0.182,33,1,8,0.242,4,0.121,8.3,4.3,6.2,15.6,5,NA,NA,NA,NA,NA,NA
Mendoza,15,491,2020-05-14,2020-04-11,42,57,426,8,8,477,0,0.123,0.14,0.119,57,1,10,0.175,5,0.088,8,4.7,5.5,12.8,6,NA,NA,NA,NA,NA,NA
Mendoza,16,805,2020-05-14,2020-05-10,45,72,716,17,9,782,0,0.101,0.125,0.092,70,0.972,11,0.153,5,0.069,7.3,4.7,5.5,13.3,7,NA,NA,NA,NA,NA,NA
Mendoza,17,1009,2020-05-14,2020-05-10,53,75,908,26,9,977,0,0.089,0.12,0.077,72,0.96,11,0.147,5,0.067,7.3,4.6,5.5,13.3,8,NA,NA,NA,NA,NA,NA
Mendoza,18,1145,2020-05-14,2020-05-10,57,83,1030,32,9,1107,0,0.078,0.108,0.075,80,0.964,11,0.133,5,0.06,7.4,4.9,5.5,13.3,9,NA,NA,NA,NA,NA,NA
Mendoza,19,1299,2020-06-12,2020-06-05,66,85,1178,36,9,1257,0,0.074,0.106,0.068,82,0.965,11,0.129,5,0.059,7.2,4.8,5.5,13.3,10,NA,NA,NA,NA,NA,NA
Mendoza,20,1511,2020-06-12,2020-06-05,71,86,1383,42,9,1463,0,0.07,0.105,0.059,83,0.965,11,0.128,5,0.058,7.2,4.9,5.5,13.3,11,NA,NA,NA,NA,NA,NA
Mendoza,21,1666,2020-06-12,2020-06-05,78,89,1528,49,9,1610,0,0.065,0.101,0.055,84,0.944,11,0.124,5,0.056,7.2,4.8,5.5,13.3,12,NA,NA,NA,NA,NA,NA
Mendoza,22,1851,2020-06-12,2020-06-21,84,100,1696,55,9,1788,0,0.058,0.09,0.056,95,0.95,11,0.11,5,0.05,7,4.8,5.5,13.3,13,NA,NA,NA,NA,NA,NA
Mendoza,23,2094,2020-06-12,2020-06-21,91,100,1931,63,9,2022,0,0.055,0.09,0.049,95,0.95,11,0.11,5,0.05,7,4.8,5.5,13.3,14,NA,NA,NA,NA,NA,NA
Mendoza,24,2297,2020-06-16,2020-06-21,97,109,2112,75,9,2212,1,0.049,0.083,0.049,103,0.945,11,0.101,5,0.046,6.8,4.7,5.5,13.3,15,NA,NA,NA,NA,NA,NA
Mendoza,25,2655,2020-06-21,2020-06-21,103,132,2423,99,9,2546,1,0.039,0.068,0.052,123,0.932,11,0.083,5,0.038,6.3,4.5,5.5,13.3,16,NA,NA,NA,NA,NA,NA
Mendoza,26,2691,2020-06-21,2020-06-21,103,132,2433,125,9,2556,1,0.035,0.068,0.052,123,0.932,11,0.083,5,0.038,6.3,4.5,5.5,13.3,17,NA,NA,NA,NA,NA,NA
Misiones,13,18,2020-03-27,2020-03-21,5,1,11,6,0,8,0,0,0,0.125,1,1,0,0,0,0,6,4,NaN,NaN,1,NA,NA,NA,NA,NA,NA
Misiones,14,26,2020-05-19,2020-03-28,11,3,15,8,0,14,0,0,0,0.214,3,1,0,0,0,0,4,3.3,NaN,NaN,2,NA,NA,NA,NA,NA,NA
Misiones,15,67,2020-05-19,2020-04-04,17,3,56,8,0,55,0,0,0,0.055,3,1,0,0,0,0,4,3.3,NaN,NaN,3,NA,NA,NA,NA,NA,NA
Misiones,16,113,2020-05-19,2020-04-15,23,5,100,8,1,101,0,0.077,0.2,0.05,5,1,1,0.2,1,0.2,3.8,3.4,4,10,4,NA,NA,NA,NA,NA,NA
Misiones,17,264,2020-05-19,2020-04-23,28,6,249,9,1,251,0,0.067,0.167,0.024,6,1,2,0.333,2,0.333,4.7,4.3,6.5,10,5,NA,NA,NA,NA,NA,NA
Misiones,18,438,2020-05-19,2020-04-30,34,24,404,10,1,424,0,0.029,0.042,0.057,22,0.917,2,0.083,2,0.083,3.6,2.2,6.5,10,6,NA,NA,NA,NA,NA,NA
Misiones,19,609,2020-06-05,2020-05-06,40,25,573,11,1,594,0,0.028,0.04,0.042,22,0.88,2,0.08,2,0.08,3.6,2.2,6.5,10,7,NA,NA,NA,NA,NA,NA
Misiones,20,750,2020-06-05,2020-05-08,46,25,714,11,1,735,0,0.028,0.04,0.034,22,0.88,2,0.08,2,0.08,3.6,2.2,6.5,10,8,NA,NA,NA,NA,NA,NA
Misiones,21,878,2020-06-05,2020-05-15,52,25,838,15,1,859,0,0.025,0.04,0.029,22,0.88,2,0.08,2,0.08,3.6,2.2,6.5,10,9,NA,NA,NA,NA,NA,NA
Misiones,22,1010,2020-06-05,2020-05-28,59,28,967,15,1,991,0,0.023,0.036,0.028,23,0.821,3,0.107,2,0.071,3.7,2.4,4.3,10,10,NA,NA,NA,NA,NA,NA
Misiones,23,1130,2020-06-19,2020-06-05,65,36,1078,16,1,1110,0,0.019,0.028,0.032,26,0.722,3,0.083,2,0.056,3.4,2.2,4.3,10,11,NA,NA,NA,NA,NA,NA
Misiones,24,1273,2020-06-19,2020-06-09,71,37,1218,18,2,1246,0,0.036,0.054,0.03,27,0.73,4,0.108,2,0.054,3.3,2.2,3.8,6.5,12,NA,NA,NA,NA,NA,NA
Misiones,25,1418,2020-06-20,2020-06-18,76,39,1360,19,2,1336,0,0.034,0.051,0.029,29,0.744,5,0.128,3,0.077,3.3,2.3,3,6.5,13,NA,NA,NA,NA,NA,NA
Neuquén,12,31,2020-05-13,2020-03-19,9,3,28,0,0,26,0,0,0,0.115,3,1,0,0,0,0,4.7,2,NaN,NaN,1,NA,NA,NA,NA,NA,NA
Neuquén,13,95,2020-05-27,2020-03-26,19,16,78,1,2,87,0,0.118,0.125,0.184,10,0.625,2,0.125,2,0.125,7.9,5.1,5.5,11,2,NA,NA,NA,NA,NA,NA
Neuquén,14,216,2020-05-27,2020-04-10,28,48,167,1,4,207,0,0.082,0.083,0.232,28,0.583,2,0.042,2,0.042,7.4,5.8,5.5,8.5,3,NA,NA,NA,NA,NA,NA
Neuquén,15,390,2020-06-05,2020-04-10,40,89,300,1,4,380,0,0.044,0.045,0.234,60,0.674,2,0.022,2,0.022,8.1,6.2,5.5,8.5,4,NA,NA,NA,NA,NA,NA
Neuquén,16,518,2020-06-05,2020-04-17,44,98,419,1,5,508,0,0.051,0.051,0.193,68,0.694,3,0.031,3,0.031,8.3,6.5,4.7,9.4,5,NA,NA,NA,NA,NA,NA
Neuquén,17,683,2020-06-05,2020-04-24,48,105,577,1,5,672,0,0.047,0.048,0.156,74,0.705,3,0.029,3,0.029,8.2,6.5,4.7,9.4,6,NA,NA,NA,NA,NA,NA
Neuquén,18,866,2020-06-05,2020-05-19,55,110,752,4,5,851,0,0.044,0.045,0.129,79,0.718,3,0.027,3,0.027,8.1,6.4,4.7,9.4,7,NA,NA,NA,NA,NA,NA
Neuquén,19,989,2020-06-05,2020-05-19,61,111,871,7,5,968,0,0.042,0.045,0.115,80,0.721,3,0.027,3,0.027,8.1,6.4,4.7,9.4,8,NA,NA,NA,NA,NA,NA
Neuquén,20,1150,2020-06-05,2020-05-19,66,114,1023,13,5,1122,0,0.039,0.044,0.102,83,0.728,3,0.026,3,0.026,8,6.3,4.7,9.4,9,NA,NA,NA,NA,NA,NA
Neuquén,21,1274,2020-06-05,2020-05-23,75,115,1144,15,5,1244,0,0.038,0.043,0.092,84,0.73,3,0.026,3,0.026,7.9,6.3,4.7,9.4,10,NA,NA,NA,NA,NA,NA
Neuquén,22,1440,2020-06-11,2020-05-30,82,132,1287,21,5,1402,0,0.033,0.038,0.094,99,0.75,3,0.023,3,0.023,7.5,5.9,4.7,9.4,11,NA,NA,NA,NA,NA,NA
Neuquén,23,1589,2020-06-13,2020-06-05,88,153,1410,26,5,1545,0,0.028,0.033,0.099,119,0.778,3,0.02,3,0.02,7.4,5.8,4.7,9.4,12,NA,NA,NA,NA,NA,NA
Neuquén,24,1835,2020-06-21,2020-06-18,97,218,1578,39,7,1778,0,0.027,0.032,0.123,180,0.826,5,0.023,5,0.023,6.8,5.3,4.7,9.4,13,NA,NA,NA,NA,NA,NA
Neuquén,25,2150,2020-06-21,2020-06-19,99,308,1712,130,7,2002,0,0.016,0.023,0.154,232,0.753,6,0.019,5,0.016,6.5,5.2,3.5,9.4,14,NA,NA,NA,NA,NA,NA
Neuquén,26,2174,2020-06-21,2020-06-20,99,312,1725,137,7,2019,0,0.016,0.022,0.155,232,0.744,6,0.019,5,0.016,6.4,5.2,3.5,9.4,15,NA,NA,NA,NA,NA,NA
Río Negro,10,1,2020-03-09,2020-03-01,1,1,0,0,0,1,0,0,0,1,1,1,0,0,0,0,8,6,NaN,NaN,0,NA,NA,NA,NA,NA,NA
Río Negro,11,7,2020-03-21,2020-03-13,6,4,3,0,1,7,0,0.25,0.25,0.571,2,0.5,0,0,0,0,10.2,6,NaN,23,1,NA,NA,NA,NA,NA,NA
Río Negro,12,21,2020-05-25,2020-03-19,11,6,15,0,1,20,0,0.167,0.167,0.3,4,0.667,0,0,0,0,7.8,5.2,NaN,23,2,NA,NA,NA,NA,NA,NA
Río Negro,13,41,2020-05-25,2020-03-26,16,9,32,0,1,40,0,0.111,0.111,0.225,7,0.778,0,0,0,0,7.1,3.7,NaN,23,3,NA,NA,NA,NA,NA,NA
Río Negro,14,81,2020-05-25,2020-04-03,26,21,60,0,4,80,0,0.19,0.19,0.262,17,0.81,4,0.19,3,0.143,8.8,5.6,3,25,4,NA,NA,NA,NA,NA,NA
Río Negro,15,261,2020-06-12,2020-04-10,40,79,181,1,4,258,0,0.05,0.051,0.306,44,0.557,4,0.051,3,0.038,9.3,6.9,3,25,5,NA,NA,NA,NA,NA,NA
Río Negro,16,541,2020-06-12,2020-06-09,46,132,407,2,11,537,0,0.082,0.083,0.246,84,0.636,7,0.053,5,0.038,7.7,5.4,4.9,20.1,6,NA,NA,NA,NA,NA,NA
Río Negro,17,813,2020-06-12,2020-06-09,55,194,616,3,11,808,0,0.056,0.057,0.24,134,0.691,7,0.036,5,0.026,6.8,5,4.9,20.1,7,NA,NA,NA,NA,NA,NA
Río Negro,18,1164,2020-06-12,2020-06-09,64,252,909,3,14,1158,0,0.055,0.056,0.218,174,0.69,10,0.04,6,0.024,6.9,4.9,5,18.6,8,NA,NA,NA,NA,NA,NA
Río Negro,19,1407,2020-06-12,2020-06-09,72,281,1123,3,16,1400,0,0.056,0.057,0.201,196,0.698,12,0.043,6,0.021,6.8,4.7,4.7,17.3,9,NA,NA,NA,NA,NA,NA
Río Negro,20,1691,2020-06-12,2020-06-09,77,328,1359,4,17,1683,0,0.051,0.052,0.195,228,0.695,13,0.04,7,0.021,6.5,4.7,5.2,16.8,10,NA,NA,NA,NA,NA,NA
Río Negro,21,1972,2020-06-12,2020-06-09,81,359,1608,5,19,1963,0,0.052,0.053,0.183,249,0.694,14,0.039,8,0.022,6.4,4.7,4.8,16.5,11,NA,NA,NA,NA,NA,NA
Río Negro,22,2183,2020-06-20,2020-06-09,88,398,1779,6,19,2173,0,0.047,0.048,0.183,270,0.678,15,0.038,8,0.02,6.3,4.6,4.7,16.5,12,NA,NA,NA,NA,NA,NA
Río Negro,23,2490,2020-06-20,2020-06-11,94,468,2012,10,24,2476,0,0.05,0.051,0.189,293,0.626,18,0.038,9,0.019,6.3,4.6,4.2,15.2,13,NA,NA,NA,NA,NA,NA
Río Negro,24,2954,2020-06-21,2020-06-18,97,559,2365,30,30,2920,0,0.051,0.054,0.191,323,0.578,20,0.036,10,0.018,5.9,4.3,4.1,14.8,14,NA,NA,NA,NA,NA,NA
Río Negro,25,3469,2020-06-21,2020-06-20,97,690,2695,84,34,3381,0,0.044,0.049,0.204,351,0.509,23,0.033,12,0.017,5.5,4.1,3.8,13.4,15,NA,NA,NA,NA,NA,NA
Río Negro,26,3479,2020-06-21,2020-06-20,97,691,2699,89,34,3386,0,0.044,0.049,0.204,351,0.508,23,0.033,12,0.017,5.5,4.1,3.8,13.4,16,NA,NA,NA,NA,NA,NA
Salta,11,6,2020-03-17,2020-03-13,3,1,5,0,0,6,0,0,0,0.167,1,1,0,0,0,0,5,1,NaN,NaN,0,NA,NA,NA,NA,NA,NA
Salta,12,20,2020-04-01,2020-03-16,8,1,19,0,0,18,0,0,0,0.056,1,1,0,0,0,0,5,1,NaN,NaN,1,NA,NA,NA,NA,NA,NA
Salta,13,40,2020-04-02,2020-03-27,13,2,38,0,0,38,0,0,0,0.053,2,1,0,0,0,0,6.5,2,NaN,NaN,2,NA,NA,NA,NA,NA,NA
Salta,14,66,2020-06-12,2020-04-02,18,3,62,1,0,63,0,0,0,0.048,3,1,0,0,0,0,7.3,4,NaN,NaN,3,NA,NA,NA,NA,NA,NA
Salta,15,86,2020-06-12,2020-04-07,24,3,82,1,0,83,0,0,0,0.036,3,1,0,0,0,0,7.3,4,NaN,NaN,4,NA,NA,NA,NA,NA,NA
Salta,16,132,2020-06-12,2020-04-17,32,3,128,1,0,129,0,0,0,0.023,3,1,0,0,0,0,7.3,4,NaN,NaN,5,NA,NA,NA,NA,NA,NA
Salta,17,172,2020-06-12,2020-04-24,38,3,168,1,0,169,0,0,0,0.018,3,1,0,0,0,0,7.3,4,NaN,NaN,6,NA,NA,NA,NA,NA,NA
Salta,18,234,2020-06-12,2020-05-01,45,4,229,1,0,230,0,0,0,0.017,4,1,0,0,0,0,7.3,4,NaN,NaN,7,NA,NA,NA,NA,NA,NA
Salta,19,349,2020-06-12,2020-05-06,53,4,343,2,0,344,0,0,0,0.012,4,1,0,0,0,0,7.3,4,NaN,NaN,8,NA,NA,NA,NA,NA,NA
Salta,20,435,2020-06-12,2020-05-15,60,5,426,4,0,428,0,0,0,0.012,5,1,0,0,0,0,7.3,4,NaN,NaN,9,NA,NA,NA,NA,NA,NA
Salta,21,475,2020-06-12,2020-05-23,68,7,460,8,0,463,0,0,0,0.015,7,1,0,0,0,0,7.3,4,NaN,NaN,10,NA,NA,NA,NA,NA,NA
Salta,22,560,2020-06-12,2020-05-29,75,8,539,13,0,543,0,0,0,0.015,8,1,0,0,0,0,6.5,4,NaN,NaN,11,NA,NA,NA,NA,NA,NA
Salta,23,664,2020-06-12,2020-06-05,81,16,629,19,0,641,0,0,0,0.025,14,0.875,0,0,0,0,6.5,4,NaN,NaN,12,NA,NA,NA,NA,NA,NA
Salta,24,792,2020-06-16,2020-06-12,87,19,748,25,0,762,0,0,0,0.025,15,0.789,0,0,0,0,6.5,4,NaN,NaN,13,NA,NA,NA,NA,NA,NA
Salta,25,859,2020-06-20,2020-06-19,92,20,805,34,0,820,0,0,0,0.024,16,0.8,0,0,0,0,6.5,4,NaN,NaN,14,NA,NA,NA,NA,NA,NA
Salta,26,865,2020-06-20,2020-06-21,92,20,805,40,0,820,0,0,0,0.024,16,0.8,0,0,0,0,6.5,4,NaN,NaN,15,NA,NA,NA,NA,NA,NA
San Juan,13,21,2020-04-02,2020-03-26,11,1,20,0,0,16,0,0,0,0.062,1,1,0,0,0,0,4,2,NaN,NaN,2,NA,NA,NA,NA,NA,NA
San Juan,14,44,2020-04-06,2020-04-02,15,1,43,0,0,38,0,0,0,0.026,1,1,0,0,0,0,4,2,NaN,NaN,3,NA,NA,NA,NA,NA,NA
San Juan,15,111,2020-04-12,2020-04-09,21,2,109,0,0,105,0,0,0,0.019,2,1,1,0.5,0,0,5,3.5,5,NaN,4,NA,NA,NA,NA,NA,NA
San Juan,16,192,2020-04-21,2020-04-17,30,2,189,1,0,185,0,0,0,0.011,2,1,1,0.5,0,0,5,3.5,5,NaN,5,NA,NA,NA,NA,NA,NA
San Juan,17,251,2020-04-26,2020-04-24,35,2,248,1,0,240,0,0,0,0.008,2,1,1,0.5,0,0,5,3.5,5,NaN,6,NA,NA,NA,NA,NA,NA
San Juan,18,320,2020-05-05,2020-05-01,44,2,316,2,0,307,0,0,0,0.007,2,1,1,0.5,0,0,5,3.5,5,NaN,7,NA,NA,NA,NA,NA,NA
San Juan,19,384,2020-05-11,2020-05-08,50,3,379,2,0,369,0,0,0,0.008,3,1,1,0.333,0,0,8,7.3,5,NaN,8,NA,NA,NA,NA,NA,NA
San Juan,20,446,2020-05-19,2020-05-15,58,3,441,2,0,429,0,0,0,0.007,3,1,1,0.333,0,0,8,7.3,5,NaN,9,NA,NA,NA,NA,NA,NA
San Juan,21,520,2020-05-27,2020-05-22,64,5,512,3,0,488,0,0,0,0.01,5,1,1,0.2,0,0,6.8,5.4,5,NaN,10,NA,NA,NA,NA,NA,NA
San Juan,22,579,2020-06-01,2020-05-30,71,5,570,4,0,545,0,0,0,0.009,5,1,1,0.2,0,0,6.8,5.4,5,NaN,11,NA,NA,NA,NA,NA,NA
San Juan,23,679,2020-06-07,2020-06-06,77,5,668,6,0,643,0,0,0,0.008,5,1,1,0.2,0,0,6.8,5.4,5,NaN,12,NA,NA,NA,NA,NA,NA
San Juan,24,743,2020-06-13,2020-06-11,83,7,727,9,0,704,0,0,0,0.01,5,0.714,1,0.143,0,0,6.8,5.4,5,NaN,13,NA,NA,NA,NA,NA,NA
San Juan,25,781,2020-06-21,2020-06-18,90,7,759,15,0,736,0,0,0,0.01,5,0.714,1,0.143,0,0,6.8,5.4,5,NaN,14,NA,NA,NA,NA,NA,NA
San Juan,26,784,2020-06-21,2020-06-18,90,7,760,17,0,737,0,0,0,0.009,5,0.714,1,0.143,0,0,6.8,5.4,5,NaN,15,NA,NA,NA,NA,NA,NA
San Luis,11,4,2020-03-17,2020-03-11,3,1,3,0,0,4,0,0,0,0.25,1,1,0,0,0,0,3,2,NaN,NaN,0,NA,NA,NA,NA,NA,NA
San Luis,12,11,2020-03-24,2020-03-19,8,2,9,0,0,11,0,0,0,0.182,2,1,1,0.5,0,0,5.5,3,3,NaN,1,NA,NA,NA,NA,NA,NA
San Luis,13,47,2020-05-14,2020-03-27,17,9,37,1,0,42,0,0,0,0.214,6,0.667,1,0.111,0,0,6.4,2.9,3,NaN,2,NA,NA,NA,NA,NA,NA
San Luis,14,76,2020-05-19,2020-04-03,21,11,63,2,0,68,0,0,0,0.162,8,0.727,1,0.091,0,0,6.2,3.1,3,NaN,3,NA,NA,NA,NA,NA,NA
San Luis,15,103,2020-05-19,2020-04-10,28,11,90,2,0,95,0,0,0,0.116,8,0.727,1,0.091,0,0,6.2,3.1,3,NaN,4,NA,NA,NA,NA,NA,NA
San Luis,16,147,2020-05-19,2020-04-17,33,11,133,3,0,137,0,0,0,0.08,8,0.727,1,0.091,0,0,6.2,3.1,3,NaN,5,NA,NA,NA,NA,NA,NA
San Luis,17,178,2020-06-08,2020-04-24,40,11,164,3,0,168,0,0,0,0.065,8,0.727,1,0.091,0,0,6.2,3.1,3,NaN,6,NA,NA,NA,NA,NA,NA
San Luis,18,205,2020-06-08,2020-04-28,46,11,191,3,0,195,0,0,0,0.056,8,0.727,1,0.091,0,0,6.2,3.1,3,NaN,7,NA,NA,NA,NA,NA,NA
San Luis,19,238,2020-06-08,2020-05-05,49,11,223,4,0,227,0,0,0,0.048,8,0.727,1,0.091,0,0,6.2,3.1,3,NaN,8,NA,NA,NA,NA,NA,NA
San Luis,20,275,2020-06-08,2020-05-12,52,11,260,4,0,264,0,0,0,0.042,8,0.727,1,0.091,0,0,6.2,3.1,3,NaN,9,NA,NA,NA,NA,NA,NA
San Luis,21,298,2020-06-09,2020-05-21,56,11,283,4,0,287,0,0,0,0.038,8,0.727,1,0.091,0,0,6.2,3.1,3,NaN,10,NA,NA,NA,NA,NA,NA
San Luis,22,330,2020-06-09,2020-05-27,61,11,315,4,0,319,0,0,0,0.034,8,0.727,1,0.091,0,0,6.2,3.1,3,NaN,11,NA,NA,NA,NA,NA,NA
San Luis,23,367,2020-06-11,2020-06-03,68,11,352,4,0,356,0,0,0,0.031,8,0.727,1,0.091,0,0,6.2,3.1,3,NaN,12,NA,NA,NA,NA,NA,NA
San Luis,24,429,2020-06-16,2020-06-12,72,11,411,7,0,415,0,0,0,0.027,8,0.727,1,0.091,0,0,6.2,3.1,3,NaN,13,NA,NA,NA,NA,NA,NA
San Luis,25,486,2020-06-20,2020-06-19,76,12,462,12,0,467,0,0,0,0.026,8,0.667,1,0.083,0,0,6.2,3.1,3,NaN,14,NA,NA,NA,NA,NA,NA
San Luis,26,488,2020-06-20,2020-06-19,76,12,462,14,0,467,0,0,0,0.026,8,0.667,1,0.083,0,0,6.2,3.1,3,NaN,15,NA,NA,NA,NA,NA,NA
Santa Cruz,11,5,2020-03-20,2020-03-13,2,1,2,2,0,3,0,0,0,0.333,1,1,0,0,0,0,5,1,NaN,NaN,0,NA,NA,NA,NA,NA,NA
Santa Cruz,12,20,2020-03-25,2020-03-19,5,7,11,2,0,17,0,0,0,0.412,4,0.571,2,0.286,1,0.143,7.7,1.8,3.5,NaN,1,NA,NA,NA,NA,NA,NA
Santa Cruz,13,64,2020-04-10,2020-03-28,14,19,43,2,0,61,0,0,0,0.311,7,0.368,2,0.105,1,0.053,8.5,1.9,3.5,NaN,2,NA,NA,NA,NA,NA,NA
Santa Cruz,14,113,2020-04-16,2020-04-04,18,29,81,3,0,109,0,0,0,0.266,13,0.448,4,0.138,2,0.069,8.8,3.6,6.8,NaN,3,NA,NA,NA,NA,NA,NA
Santa Cruz,15,167,2020-04-16,2020-04-11,25,38,125,4,0,162,0,0,0,0.235,19,0.5,4,0.105,2,0.053,8.6,4,6.8,NaN,4,NA,NA,NA,NA,NA,NA
Santa Cruz,16,203,2020-04-21,2020-04-17,29,38,161,4,0,198,0,0,0,0.192,19,0.5,4,0.105,2,0.053,8.6,4,6.8,NaN,5,NA,NA,NA,NA,NA,NA
Santa Cruz,17,252,2020-04-29,2020-04-24,36,45,202,5,0,246,0,0,0,0.183,19,0.422,4,0.089,2,0.044,7.9,3.7,6.8,NaN,6,NA,NA,NA,NA,NA,NA
Santa Cruz,18,300,2020-05-05,2020-05-01,42,47,245,8,0,291,0,0,0,0.162,20,0.426,4,0.085,2,0.043,7.9,3.7,6.8,NaN,7,NA,NA,NA,NA,NA,NA
Santa Cruz,19,337,2020-05-14,2020-05-08,49,47,282,8,0,328,0,0,0,0.143,20,0.426,4,0.085,2,0.043,7.9,3.7,6.8,NaN,8,NA,NA,NA,NA,NA,NA
Santa Cruz,20,366,2020-05-24,2020-05-14,57,47,311,8,0,357,0,0,0,0.132,20,0.426,4,0.085,2,0.043,7.9,3.7,6.8,NaN,9,NA,NA,NA,NA,NA,NA
Santa Cruz,21,401,2020-05-26,2020-05-22,63,47,344,10,0,390,0,0,0,0.121,20,0.426,4,0.085,2,0.043,7.9,3.7,6.8,NaN,10,NA,NA,NA,NA,NA,NA
Santa Cruz,22,450,2020-06-02,2020-05-30,69,48,391,11,0,438,0,0,0,0.11,20,0.417,4,0.083,2,0.042,7.9,3.7,6.8,NaN,11,NA,NA,NA,NA,NA,NA
Santa Cruz,23,514,2020-06-10,2020-06-04,76,49,453,12,0,501,0,0,0,0.098,21,0.429,4,0.082,2,0.041,7.9,3.7,6.8,NaN,12,NA,NA,NA,NA,NA,NA
Santa Cruz,24,555,2020-06-15,2020-06-12,83,49,492,14,0,540,0,0,0,0.091,21,0.429,4,0.082,2,0.041,7.9,3.7,6.8,NaN,13,NA,NA,NA,NA,NA,NA
Santa Cruz,25,593,2020-06-21,2020-06-19,89,50,524,19,0,573,0,0,0,0.087,21,0.42,4,0.08,2,0.04,7.9,3.8,6.8,NaN,14,NA,NA,NA,NA,NA,NA
Santa Cruz,26,595,2020-06-21,2020-06-19,89,50,525,20,0,574,0,0,0,0.087,21,0.42,4,0.08,2,0.04,7.9,3.8,6.8,NaN,15,NA,NA,NA,NA,NA,NA
Santa Fe,11,26,2020-03-18,2020-03-13,5,1,25,0,0,16,0,0,0,0.062,1,1,0,0,0,0,7,6,NaN,NaN,2,NA,NA,NA,NA,NA,NA
Santa Fe,12,110,2020-04-06,2020-03-20,16,17,91,2,0,88,0,0,0,0.193,7,0.412,0,0,0,0,6.4,2.8,NaN,NaN,3,NA,NA,NA,NA,NA,NA
Santa Fe,13,454,2020-04-17,2020-03-28,24,87,359,8,1,419,0,0.011,0.011,0.208,19,0.218,4,0.046,1,0.011,6,4.2,7,12,4,NA,NA,NA,NA,NA,NA
Santa Fe,14,1206,2020-06-20,2020-04-04,31,180,1013,13,3,1162,0,0.016,0.017,0.155,41,0.228,9,0.05,4,0.022,6,4.8,8.6,25,5,NA,NA,NA,NA,NA,NA
Santa Fe,15,2117,2020-06-20,2020-04-22,38,204,1891,22,3,2046,0,0.013,0.015,0.1,42,0.206,9,0.044,4,0.02,6.3,5.1,8.6,25,6,NA,NA,NA,NA,NA,NA
Santa Fe,16,2907,2020-06-20,2020-04-22,43,224,2653,30,3,2822,0,0.012,0.013,0.079,48,0.214,12,0.054,5,0.022,6.2,5,7.6,25,7,NA,NA,NA,NA,NA,NA
Santa Fe,17,4041,2020-06-20,2020-05-06,49,242,3764,35,3,3932,0,0.011,0.012,0.062,49,0.202,12,0.05,5,0.021,6.8,5.7,7.6,25,8,NA,NA,NA,NA,NA,NA
Santa Fe,18,4970,2020-06-20,2020-05-06,55,243,4685,42,3,4846,0,0.011,0.012,0.05,49,0.202,12,0.049,5,0.021,6.8,5.7,7.6,25,9,NA,NA,NA,NA,NA,NA
Santa Fe,19,5804,2020-06-20,2020-05-09,61,244,5515,45,3,5663,0,0.01,0.012,0.043,49,0.201,12,0.049,5,0.02,6.7,5.6,7.6,25,10,NA,NA,NA,NA,NA,NA
Santa Fe,20,6729,2020-06-20,2020-05-16,70,245,6427,57,3,6566,0,0.01,0.012,0.037,49,0.2,12,0.049,5,0.02,6.7,5.6,7.6,25,11,NA,NA,NA,NA,NA,NA
Santa Fe,21,7931,2020-06-20,2020-05-23,77,262,7609,60,4,7763,0,0.012,0.015,0.034,53,0.202,13,0.05,6,0.023,6.6,5.5,7.4,25.5,12,NA,NA,NA,NA,NA,NA
Santa Fe,22,9005,2020-06-20,2020-06-08,84,264,8669,72,4,8825,0,0.012,0.015,0.03,54,0.205,13,0.049,6,0.023,6.6,5.5,7.4,25.5,13,NA,NA,NA,NA,NA,NA
Santa Fe,23,10094,2020-06-20,2020-06-08,94,279,9728,87,4,9897,0,0.011,0.014,0.028,54,0.194,13,0.047,6,0.022,6.4,5.3,7.4,25.5,14,NA,NA,NA,NA,NA,NA
Santa Fe,24,11123,2020-06-20,2020-06-13,97,287,10724,112,4,10900,0,0.01,0.014,0.026,54,0.188,13,0.045,6,0.021,6.4,5.3,7.4,25.5,15,NA,NA,NA,NA,NA,NA
Santa Fe,25,12036,2020-06-21,2020-06-20,100,334,11507,195,4,11730,0,0.008,0.012,0.028,59,0.177,14,0.042,7,0.021,5.9,5,6.9,25.5,16,NA,NA,NA,NA,NA,NA
Santa Fe,26,12107,2020-06-21,2020-06-21,100,335,11507,265,4,11731,0,0.007,0.012,0.029,59,0.176,14,0.042,7,0.021,5.9,5,6.9,25.5,17,NA,NA,NA,NA,NA,NA
Santiago del Estero,12,8,2020-03-22,2020-03-17,4,2,6,0,0,7,0,0,0,0.286,0,0,0,0,0,0,7,3,NaN,NaN,1,NA,NA,NA,NA,NA,NA
Santiago del Estero,13,19,2020-04-02,2020-03-25,6,3,16,0,0,18,0,0,0,0.167,0,0,0,0,0,0,7.7,4,NaN,NaN,2,NA,NA,NA,NA,NA,NA
Santiago del Estero,14,33,2020-04-03,2020-03-31,8,4,28,1,0,31,0,0,0,0.129,0,0,0,0,0,0,8.8,5.2,NaN,NaN,3,NA,NA,NA,NA,NA,NA
Santiago del Estero,15,83,2020-04-13,2020-04-09,13,11,69,3,0,79,0,0,0,0.139,1,0.091,1,0.091,0,0,10,8.6,9,NaN,4,NA,NA,NA,NA,NA,NA
Santiago del Estero,16,112,2020-04-17,2020-04-14,18,11,97,4,0,106,0,0,0,0.104,1,0.091,1,0.091,0,0,10,8.6,9,NaN,5,NA,NA,NA,NA,NA,NA
Santiago del Estero,17,151,2020-04-27,2020-04-24,25,12,135,4,0,145,0,0,0,0.083,1,0.083,1,0.083,0,0,9.3,8,9,NaN,6,NA,NA,NA,NA,NA,NA
Santiago del Estero,18,216,2020-05-01,2020-04-29,30,14,197,5,0,207,0,0,0,0.068,1,0.071,1,0.071,0,0,9.3,8,9,NaN,7,NA,NA,NA,NA,NA,NA
Santiago del Estero,19,304,2020-05-11,2020-05-09,38,15,280,9,0,290,0,0,0,0.052,1,0.067,1,0.067,0,0,9.3,8,9,NaN,8,NA,NA,NA,NA,NA,NA
Santiago del Estero,20,498,2020-05-16,2020-05-14,43,15,471,12,0,481,0,0,0,0.031,1,0.067,1,0.067,0,0,9.3,8,9,NaN,9,NA,NA,NA,NA,NA,NA
Santiago del Estero,21,1000,2020-05-28,2020-05-21,52,21,946,33,0,962,0,0,0,0.022,1,0.048,1,0.048,0,0,9.3,8,9,NaN,10,NA,NA,NA,NA,NA,NA
Santiago del Estero,22,1359,2020-06-02,2020-05-29,56,21,1289,49,0,1304,0,0,0,0.016,1,0.048,1,0.048,0,0,9.3,8,9,NaN,11,NA,NA,NA,NA,NA,NA
Santiago del Estero,23,1673,2020-06-16,2020-06-04,64,22,1587,64,0,1603,0,0,0,0.014,1,0.045,1,0.045,0,0,9.3,8,9,NaN,12,NA,NA,NA,NA,NA,NA
Santiago del Estero,24,2188,2020-06-17,2020-06-12,69,22,2080,86,0,2096,0,0,0,0.01,1,0.045,1,0.045,0,0,9.3,8,9,NaN,13,NA,NA,NA,NA,NA,NA
Santiago del Estero,25,2437,2020-06-20,2020-06-18,73,22,2316,99,0,2332,0,0,0,0.009,1,0.045,1,0.045,0,0,9.3,8,9,NaN,14,NA,NA,NA,NA,NA,NA
Santiago del Estero,26,2438,2020-06-20,2020-06-18,73,23,2316,99,0,2333,0,0,0,0.01,1,0.043,1,0.043,0,0,9.3,8,9,NaN,15,NA,NA,NA,NA,NA,NA
SIN ESPECIFICAR,13,39,2020-04-07,2020-03-23,16,2,35,2,0,32,0,0,0,0.062,2,1,1,0.5,0,0,14.5,2.5,5,NaN,4,NA,NA,NA,NA,NA,NA
SIN ESPECIFICAR,14,45,2020-04-22,2020-03-31,21,4,39,2,0,38,0,0,0,0.105,3,0.75,2,0.5,1,0.25,16,9.8,5.5,NaN,5,NA,NA,NA,NA,NA,NA
SIN ESPECIFICAR,15,52,2020-04-22,2020-04-10,24,4,46,2,0,45,0,0,0,0.089,3,0.75,2,0.5,1,0.25,16,9.8,5.5,NaN,6,NA,NA,NA,NA,NA,NA
SIN ESPECIFICAR,16,61,2020-04-22,2020-04-16,29,4,55,2,0,54,0,0,0,0.074,3,0.75,2,0.5,1,0.25,16,9.8,5.5,NaN,7,NA,NA,NA,NA,NA,NA
SIN ESPECIFICAR,17,100,2020-05-23,2020-04-24,38,8,88,4,0,91,0,0,0,0.088,3,0.375,2,0.25,1,0.125,13.5,8.7,5.5,NaN,8,NA,NA,NA,NA,NA,NA
SIN ESPECIFICAR,18,133,2020-05-23,2020-05-01,43,9,116,8,0,120,0,0,0,0.075,3,0.333,2,0.222,1,0.111,12,7.9,5.5,NaN,9,NA,NA,NA,NA,NA,NA
SIN ESPECIFICAR,19,183,2020-06-09,2020-05-09,56,23,150,10,0,168,0,0,0,0.137,9,0.391,3,0.13,1,0.043,10.2,5.2,7,NaN,10,NA,NA,NA,NA,NA,NA
SIN ESPECIFICAR,20,259,2020-06-09,2020-05-15,64,43,204,12,0,242,0,0,0,0.178,18,0.419,3,0.07,1,0.023,7.6,4.2,7,NaN,11,NA,NA,NA,NA,NA,NA
SIN ESPECIFICAR,21,359,2020-06-09,2020-06-18,69,79,259,21,1,333,0,0.01,0.013,0.237,24,0.304,4,0.051,2,0.025,5.8,3.9,6,7,12,NA,NA,NA,NA,NA,NA
SIN ESPECIFICAR,22,479,2020-06-09,2020-06-18,76,115,333,31,2,443,0,0.014,0.017,0.26,37,0.322,5,0.043,3,0.026,5.6,4,5.4,9.5,13,NA,NA,NA,NA,NA,NA
SIN ESPECIFICAR,23,627,2020-06-20,2020-06-18,84,153,432,42,2,580,0,0.01,0.013,0.264,43,0.281,5,0.033,3,0.02,5.3,3.8,5.4,9.5,14,NA,NA,NA,NA,NA,NA
SIN ESPECIFICAR,24,785,2020-06-20,2020-06-18,91,217,519,49,2,731,0,0.008,0.009,0.297,55,0.253,6,0.028,3,0.014,5.4,3.9,5.3,9.5,15,NA,NA,NA,NA,NA,NA
SIN ESPECIFICAR,25,978,2020-06-21,2020-06-20,92,282,615,81,2,892,0,0.006,0.007,0.316,60,0.213,6,0.021,3,0.011,5,3.8,5.3,9.5,16,NA,NA,NA,NA,NA,NA
SIN ESPECIFICAR,26,993,2020-06-21,2020-06-20,92,282,619,92,2,896,0,0.005,0.007,0.315,60,0.213,6,0.021,3,0.011,5,3.8,5.3,9.5,17,NA,NA,NA,NA,NA,NA
Tierra del Fuego,11,11,2020-03-18,2020-03-12,3,2,8,1,0,10,0,0,0,0.2,0,0,0,0,0,0,6.5,2.5,NaN,NaN,2,NA,NA,NA,NA,NA,NA
Tierra del Fuego,12,29,2020-04-02,2020-03-20,9,12,16,1,0,28,0,0,0,0.429,0,0,0,0,0,0,7.6,3.2,NaN,NaN,3,NA,NA,NA,NA,NA,NA
Tierra del Fuego,13,150,2020-04-05,2020-03-27,17,45,104,1,0,149,0,0,0,0.302,2,0.044,2,0.044,2,0.044,10.1,5.9,11.5,NaN,4,NA,NA,NA,NA,NA,NA
Tierra del Fuego,14,309,2020-04-09,2020-04-03,21,75,227,7,0,302,0,0,0,0.248,5,0.067,2,0.027,2,0.027,9,5.8,11.5,NaN,5,NA,NA,NA,NA,NA,NA
Tierra del Fuego,15,466,2020-04-14,2020-04-11,28,92,365,9,0,456,0,0,0,0.202,6,0.065,2,0.022,2,0.022,8.3,5.5,11.5,NaN,6,NA,NA,NA,NA,NA,NA
Tierra del Fuego,16,740,2020-04-19,2020-04-17,33,112,618,10,0,729,0,0,0,0.154,6,0.054,2,0.018,2,0.018,7.7,5.3,11.5,NaN,7,NA,NA,NA,NA,NA,NA
Tierra del Fuego,17,877,2020-04-26,2020-04-24,40,117,748,12,0,864,0,0,0,0.135,6,0.051,2,0.017,2,0.017,7.6,5.3,11.5,NaN,8,NA,NA,NA,NA,NA,NA
Tierra del Fuego,18,1041,2020-05-09,2020-05-01,48,133,895,13,0,1027,0,0,0,0.13,6,0.045,2,0.015,2,0.015,7.4,5.2,11.5,NaN,9,NA,NA,NA,NA,NA,NA
Tierra del Fuego,19,1177,2020-05-10,2020-05-09,54,135,1029,13,0,1162,0,0,0,0.116,6,0.044,2,0.015,2,0.015,7.3,5.2,11.5,NaN,10,NA,NA,NA,NA,NA,NA
Tierra del Fuego,20,1254,2020-05-18,2020-05-14,62,135,1106,13,0,1238,0,0,0,0.109,6,0.044,2,0.015,2,0.015,7.3,5.2,11.5,NaN,11,NA,NA,NA,NA,NA,NA
Tierra del Fuego,21,1346,2020-05-24,2020-05-23,68,135,1198,13,0,1330,0,0,0,0.102,6,0.044,2,0.015,2,0.015,7.3,5.2,11.5,NaN,12,NA,NA,NA,NA,NA,NA
Tierra del Fuego,22,1453,2020-05-31,2020-05-29,75,136,1304,13,0,1436,0,0,0,0.095,7,0.051,2,0.015,2,0.015,7.3,5.2,11.5,NaN,13,NA,NA,NA,NA,NA,NA
Tierra del Fuego,23,1523,2020-06-07,2020-06-08,82,136,1373,14,0,1505,0,0,0,0.09,7,0.051,2,0.015,2,0.015,7.3,5.2,11.5,NaN,14,NA,NA,NA,NA,NA,NA
Tierra del Fuego,24,1572,2020-06-14,2020-06-11,89,136,1421,15,0,1553,0,0,0,0.088,7,0.051,2,0.015,2,0.015,7.3,5.2,11.5,NaN,15,NA,NA,NA,NA,NA,NA
Tierra del Fuego,25,1612,2020-06-21,2020-06-19,96,136,1459,17,0,1591,0,0,0,0.085,7,0.051,2,0.015,2,0.015,7.3,5.2,11.5,NaN,16,NA,NA,NA,NA,NA,NA
Tierra del Fuego,26,1614,2020-06-21,2020-06-20,96,136,1460,18,0,1592,0,0,0,0.085,7,0.051,2,0.015,2,0.015,7.3,5.2,11.5,NaN,17,NA,NA,NA,NA,NA,NA
Tucumán,11,15,2020-03-22,2020-03-12,4,2,13,0,1,15,0,0.5,0.5,0.133,1,0.5,1,0.5,0,0,11.5,4.5,3,18,0,NA,NA,NA,NA,NA,NA
Tucumán,12,58,2020-03-25,2020-03-19,9,8,48,2,1,55,0,0.1,0.125,0.145,4,0.5,2,0.25,1,0.125,8.5,3.5,4,18,1,NA,NA,NA,NA,NA,NA
Tucumán,13,172,2020-05-12,2020-03-28,16,16,154,2,3,168,0,0.167,0.188,0.095,6,0.375,4,0.25,2,0.125,7.9,4.2,5,15,2,NA,NA,NA,NA,NA,NA
Tucumán,14,303,2020-05-12,2020-04-03,20,24,277,2,4,298,0,0.154,0.167,0.081,9,0.375,4,0.167,2,0.083,8.8,5.8,5,14.2,3,NA,NA,NA,NA,NA,NA
Tucumán,15,440,2020-05-12,2020-04-10,28,29,408,3,4,433,0,0.125,0.138,0.067,9,0.31,4,0.138,2,0.069,10.3,7.8,5,14.2,4,NA,NA,NA,NA,NA,NA
Tucumán,16,675,2020-05-12,2020-04-18,35,30,641,4,4,666,0,0.118,0.133,0.045,9,0.3,4,0.133,2,0.067,10.3,7.8,5,14.2,5,NA,NA,NA,NA,NA,NA
Tucumán,17,1122,2020-05-12,2020-04-25,43,35,1082,5,4,1110,0,0.1,0.114,0.032,9,0.257,4,0.114,2,0.057,9.7,7.5,5,14.2,6,NA,NA,NA,NA,NA,NA
Tucumán,18,1694,2020-05-12,2020-05-13,48,38,1651,5,4,1682,0,0.093,0.105,0.023,9,0.237,4,0.105,2,0.053,9.7,7.5,5,14.2,7,NA,NA,NA,NA,NA,NA
Tucumán,19,2246,2020-05-17,2020-05-13,57,41,2200,5,4,2234,0,0.087,0.098,0.018,9,0.22,4,0.098,2,0.049,10,7.9,5,14.2,8,NA,NA,NA,NA,NA,NA
Tucumán,20,2803,2020-06-08,2020-05-15,62,43,2743,17,4,2779,0,0.067,0.093,0.015,9,0.209,4,0.093,2,0.047,10,7.9,5,14.2,9,NA,NA,NA,NA,NA,NA
Tucumán,21,3731,2020-06-08,2020-05-22,71,44,3665,22,4,3702,0,0.061,0.091,0.012,10,0.227,5,0.114,2,0.045,10,7.9,5,14.2,10,NA,NA,NA,NA,NA,NA
Tucumán,22,4579,2020-06-08,2020-05-29,77,46,4500,33,4,4539,0,0.051,0.087,0.01,10,0.217,5,0.109,2,0.043,9.7,7.6,5,14.2,11,NA,NA,NA,NA,NA,NA
Tucumán,23,5236,2020-06-09,2020-06-05,83,47,5149,40,4,5189,0,0.046,0.085,0.009,11,0.234,6,0.128,2,0.043,9.7,7.6,5,14.2,12,NA,NA,NA,NA,NA,NA
Tucumán,24,6017,2020-06-19,2020-06-13,92,57,5870,90,4,5920,0,0.027,0.07,0.01,13,0.228,8,0.14,2,0.035,9.6,7.6,5,14.2,13,NA,NA,NA,NA,NA,NA
Tucumán,25,6931,2020-06-20,2020-06-19,94,57,6564,310,4,6614,0,0.011,0.07,0.009,13,0.228,8,0.14,2,0.035,9.6,7.6,5,14.2,14,NA,NA,NA,NA,NA,NA
Tucumán,26,6986,2020-06-20,2020-06-21,94,57,6567,362,4,6617,0,0.01,0.07,0.009,13,0.228,8,0.14,2,0.035,9.6,7.6,5,14.2,15,NA,NA,NA,NA,NA,NA
